Item,Year,Value (tons),,,,,,,,,
Cereals,2000,310265.56,,,,Row Labels,Sum of Value (tons),Norway Population,Per Capita Imports,Area_population,Area_Imports (Tons)
Cereals,2001,387725.95,,,,2000,2946527.35,4503364,0.654294734,15044,9843.209977
Cereals,2002,449497.3,,,,2001,3150121.95,4523861,0.651330213,15029,9788.841775
Cereals,2003,448440.9,,,,2002,3428416.35,4551996,0.647304468,14883,9633.8324
Cereals,2004,331239.7,,,,2003,3638715.05,4577207,0.643739151,14783,9516.395875
Cereals,2005,218071.35,,,,2004,3363916.35,4606003,0.639714596,14777,9453.06259
Cereals,2006,354917.8,,,,2005,3253884.05,4640219,0.634997475,14693,9330.017905
Cereals,2007,528981.8,,,,2006,3791948.25,4681134,0.629447341,14680,9240.286968
Cereals,2008,594019.7,,,,2007,4430170.45,4737171,0.622001475,14588,9073.757519
Cereals,2009,389453.5,,,,2008,4672796.3,4799252,0.613955539,14460,8877.797099
Cereals,2010,546998.55,,,,2009,4183733.5,4858199,0.606506104,14435,8754.915617
Cereals,2011,563527.05,,,,2010,4962229.15,4920305,0.598850549,14396,8621.052502
Cereals,2012,722128.35,,,,2011,5320200.3,4985870,0.590975567,14422,8523.049627
Cereals,2013,727490.95,,,,2012,5843887.1,5051275,0.583323488,14420,8411.524692
Cereals,2014,667141.36,,,,2013,6057541.4,5109056,0.576726376,14311,8253.531162
Cereals,2015,484462.51,,,,2014,6005141.93,5165802,0.570391074,14285,8148.03649
Cereals,2016,410398.2,,,,2015,5758201.86,5213985,0.565120028,14241,8047.874321
Cereals,2017,387931.12,,,,2016,5615660.79,5258317,0.560355595,14150,7929.031666
Cereals,2018,660257.84,,,,2017,5644419.28,5295619,0.556408486,14118,7855.375005
Cereals,2019,628093.28,,,,2018,6457734.61,5328212,0.553004901,14020,7753.128713
Cereals,2020,437880.05,,,,2019,6477480.01,5367580,0.54894894,13875,7616.666539
Cereal preparations total,2000,118316.01,,,,2020,6312273.78,5391369,0.546526745,13734,7505.998314
Cereal preparations total,2001,117378,,,,(blank),,,,,
Cereal preparations total,2002,128237,,,,Grand Total,101314999.8,,,,
Cereal preparations total,2003,143110,,,,,,,,,
Cereal preparations total,2004,173649,,,,,,,,,
Cereal preparations total,2005,184355,,,,,,,,,
Cereal preparations total,2006,213939,,,,,,,,,
Cereal preparations total,2007,209313,,,,,,,,,
Cereal preparations total,2008,197748,,,,,,,,,
Cereal preparations total,2009,201007,,,,,,,,,
Cereal preparations total,2010,233331,,,,,,,,,
Cereal preparations total,2011,231165,,,,,,,,,
Cereal preparations total,2012,242316,,,,,,,,,
Cereal preparations total,2013,247281,,,,,,,,,
Cereal preparations total,2014,255156.31,,,,,,,,,
Cereal preparations total,2015,263306.13,,,,,,,,,
Cereal preparations total,2016,263272.1,,,,,,,,,
Cereal preparations total,2017,259575.96,,,,,,,,,
Cereal preparations total,2018,262147.56,,,,,,,,,
Cereal preparations total,2019,268522.8,,,,,,,,,
Cereal preparations total,2020,288921.82,,,,,,,,,
Animal Fats and Oils (excl. Butter),2000,12577.09,,,,,,,,,
Animal Fats and Oils (excl. Butter),2001,13789,,,,,,,,,
Animal Fats and Oils (excl. Butter),2002,15330,,,,,,,,,
Animal Fats and Oils (excl. Butter),2003,18259,,,,,,,,,
Animal Fats and Oils (excl. Butter),2004,35868,,,,,,,,,
Animal Fats and Oils (excl. Butter),2005,33914,,,,,,,,,
Animal Fats and Oils (excl. Butter),2006,26705,,,,,,,,,
Animal Fats and Oils (excl. Butter),2007,19873,,,,,,,,,
Animal Fats and Oils (excl. Butter),2008,19196,,,,,,,,,
Animal Fats and Oils (excl. Butter),2009,21071,,,,,,,,,
Animal Fats and Oils (excl. Butter),2010,21322,,,,,,,,,
Animal Fats and Oils (excl. Butter),2011,18737,,,,,,,,,
Animal Fats and Oils (excl. Butter),2012,17980,,,,,,,,,
Animal Fats and Oils (excl. Butter),2013,17788,,,,,,,,,
Animal Fats and Oils (excl. Butter),2014,18481.89,,,,,,,,,
Animal Fats and Oils (excl. Butter),2015,19091.61,,,,,,,,,
Animal Fats and Oils (excl. Butter),2016,19249.39,,,,,,,,,
Animal Fats and Oils (excl. Butter),2017,19052.23,,,,,,,,,
Animal Fats and Oils (excl. Butter),2018,19443.03,,,,,,,,,
Animal Fats and Oils (excl. Butter),2019,17941.38,,,,,,,,,
Animal Fats and Oils (excl. Butter),2020,18523.07,,,,,,,,,
Vegetable Oil and Fat,2000,40839.42,,,,,,,,,
Vegetable Oil and Fat,2001,47093,,,,,,,,,
Vegetable Oil and Fat,2002,65420,,,,,,,,,
Vegetable Oil and Fat,2003,43835,,,,,,,,,
Vegetable Oil and Fat,2004,74068,,,,,,,,,
Vegetable Oil and Fat,2005,112604,,,,,,,,,
Vegetable Oil and Fat,2006,153503,,,,,,,,,
Vegetable Oil and Fat,2007,157182,,,,,,,,,
Vegetable Oil and Fat,2008,213715,,,,,,,,,
Vegetable Oil and Fat,2009,185811,,,,,,,,,
Vegetable Oil and Fat,2010,232108,,,,,,,,,
Vegetable Oil and Fat,2011,308426,,,,,,,,,
Vegetable Oil and Fat,2012,355307,,,,,,,,,
Vegetable Oil and Fat,2013,382442,,,,,,,,,
Vegetable Oil and Fat,2014,424225.05,,,,,,,,,
Vegetable Oil and Fat,2015,418339.46,,,,,,,,,
Vegetable Oil and Fat,2016,486208.72,,,,,,,,,
Vegetable Oil and Fat,2017,523555.82,,,,,,,,,
Vegetable Oil and Fat,2018,522966.77,,,,,,,,,
Vegetable Oil and Fat,2019,559348.46,,,,,,,,,
Vegetable Oil and Fat,2020,620051.24,,,,,,,,,
Bovine Meat,2000,4188.95,,,,,,,,,
Bovine Meat,2001,6655.1,,,,,,,,,
Bovine Meat,2002,6877.1,,,,,,,,,
Bovine Meat,2003,9883.7,,,,,,,,,
Bovine Meat,2004,9450.9,,,,,,,,,
Bovine Meat,2005,8345.7,,,,,,,,,
Bovine Meat,2006,6831.2,,,,,,,,,
Bovine Meat,2007,11827.8,,,,,,,,,
Bovine Meat,2008,13011.8,,,,,,,,,
Bovine Meat,2009,9175.4,,,,,,,,,
Bovine Meat,2010,7254.8,,,,,,,,,
Bovine Meat,2011,12184.4,,,,,,,,,
Bovine Meat,2012,19544.5,,,,,,,,,
Bovine Meat,2013,15767.2,,,,,,,,,
Bovine Meat,2014,13530.81,,,,,,,,,
Bovine Meat,2015,24251.89,,,,,,,,,
Bovine Meat,2016,23422.81,,,,,,,,,
Bovine Meat,2017,18087.18,,,,,,,,,
Bovine Meat,2018,12463.19,,,,,,,,,
Bovine Meat,2019,12539.82,,,,,,,,,
Bovine Meat,2020,18190.33,,,,,,,,,
Poultry Meat,2000,308.09,,,,,,,,,
Poultry Meat,2001,270.75,,,,,,,,,
Poultry Meat,2002,284.35,,,,,,,,,
Poultry Meat,2003,513.45,,,,,,,,,
Poultry Meat,2004,709.4,,,,,,,,,
Poultry Meat,2005,1780.6,,,,,,,,,
Poultry Meat,2006,914.2,,,,,,,,,
Poultry Meat,2007,963,,,,,,,,,
Poultry Meat,2008,1284.05,,,,,,,,,
Poultry Meat,2009,1663,,,,,,,,,
Poultry Meat,2010,1069.9,,,,,,,,,
Poultry Meat,2011,1199.55,,,,,,,,,
Poultry Meat,2012,2945.95,,,,,,,,,
Poultry Meat,2013,2589.6,,,,,,,,,
Poultry Meat,2014,1865.63,,,,,,,,,
Poultry Meat,2015,2414.97,,,,,,,,,
Poultry Meat,2016,2711.1,,,,,,,,,
Poultry Meat,2017,2678.47,,,,,,,,,
Poultry Meat,2018,2874.56,,,,,,,,,
Poultry Meat,2019,3590.59,,,,,,,,,
Poultry Meat,2020,3719.16,,,,,,,,,
Pigmeat (meat equivalent),2000,2312.87,,,,,,,,,
Pigmeat (meat equivalent),2001,1901.15,,,,,,,,,
Pigmeat (meat equivalent),2002,1487.5,,,,,,,,,
Pigmeat (meat equivalent),2003,3263.1,,,,,,,,,
Pigmeat (meat equivalent),2004,3483.45,,,,,,,,,
Pigmeat (meat equivalent),2005,5473.5,,,,,,,,,
Pigmeat (meat equivalent),2006,4018.15,,,,,,,,,
Pigmeat (meat equivalent),2007,8884.25,,,,,,,,,
Pigmeat (meat equivalent),2008,3887.75,,,,,,,,,
Pigmeat (meat equivalent),2009,2417.9,,,,,,,,,
Pigmeat (meat equivalent),2010,3517.4,,,,,,,,,
Pigmeat (meat equivalent),2011,3768.8,,,,,,,,,
Pigmeat (meat equivalent),2012,3546.1,,,,,,,,,
Pigmeat (meat equivalent),2013,6357.35,,,,,,,,,
Pigmeat (meat equivalent),2014,6301.71,,,,,,,,,
Pigmeat (meat equivalent),2015,4061.79,,,,,,,,,
Pigmeat (meat equivalent),2016,3479.2,,,,,,,,,
Pigmeat (meat equivalent),2017,3318.83,,,,,,,,,
Pigmeat (meat equivalent),2018,3619.78,,,,,,,,,
Pigmeat (meat equivalent),2019,4023.18,,,,,,,,,
Pigmeat (meat equivalent),2020,9881,,,,,,,,,
Other Meat,2000,1611.8,,,,,,,,,
Other Meat,2001,1897,,,,,,,,,
Other Meat,2002,1913,,,,,,,,,
Other Meat,2003,1805,,,,,,,,,
Other Meat,2004,1469,,,,,,,,,
Other Meat,2005,1473,,,,,,,,,
Other Meat,2006,1158,,,,,,,,,
Other Meat,2007,3393,,,,,,,,,
Other Meat,2008,5305,,,,,,,,,
Other Meat,2009,1645,,,,,,,,,
Other Meat,2010,1623,,,,,,,,,
Other Meat,2011,1936,,,,,,,,,
Other Meat,2012,3039,,,,,,,,,
Other Meat,2013,3680,,,,,,,,,
Other Meat,2014,3057.18,,,,,,,,,
Other Meat,2015,2212.3,,,,,,,,,
Other Meat,2016,1484.47,,,,,,,,,
Other Meat,2017,943.9,,,,,,,,,
Other Meat,2018,1301.86,,,,,,,,,
Other Meat,2019,1048.48,,,,,,,,,
Other Meat,2020,888.5,,,,,,,,,
Sugar and Honey,2000,282407.74,,,,,,,,,
Sugar and Honey,2001,255102,,,,,,,,,
Sugar and Honey,2002,263130,,,,,,,,,
Sugar and Honey,2003,276756,,,,,,,,,
Sugar and Honey,2004,264186,,,,,,,,,
Sugar and Honey,2005,229495,,,,,,,,,
Sugar and Honey,2006,241167,,,,,,,,,
Sugar and Honey,2007,237323,,,,,,,,,
Sugar and Honey,2008,225526,,,,,,,,,
Sugar and Honey,2009,225875,,,,,,,,,
Sugar and Honey,2010,225964,,,,,,,,,
Sugar and Honey,2011,211409,,,,,,,,,
Sugar and Honey,2012,223173,,,,,,,,,
Sugar and Honey,2013,207844,,,,,,,,,
Sugar and Honey,2014,223621.54,,,,,,,,,
Sugar and Honey,2015,228250.91,,,,,,,,,
Sugar and Honey,2016,211169.51,,,,,,,,,
Sugar and Honey,2017,210609.91,,,,,,,,,
Sugar and Honey,2018,199527.21,,,,,,,,,
Sugar and Honey,2019,216500.72,,,,,,,,,
Sugar and Honey,2020,224007.23,,,,,,,,,
Fruit,2000,288079.14,,,,,,,,,
Fruit,2001,299777,,,,,,,,,
Fruit,2002,303580,,,,,,,,,
Fruit,2003,321997,,,,,,,,,
Fruit,2004,332975,,,,,,,,,
Fruit,2005,361641,,,,,,,,,
Fruit,2006,376001,,,,,,,,,
Fruit,2007,408464,,,,,,,,,
Fruit,2008,422403,,,,,,,,,
Fruit,2009,409358,,,,,,,,,
Fruit,2010,407096,,,,,,,,,
Fruit,2011,409700,,,,,,,,,
Fruit,2012,417671,,,,,,,,,
Fruit,2013,432735,,,,,,,,,
Fruit,2014,439195.56,,,,,,,,,
Fruit,2015,432350.79,,,,,,,,,
Fruit,2016,429187.92,,,,,,,,,
Fruit,2017,431822.05,,,,,,,,,
Fruit,2018,420331.9,,,,,,,,,
Fruit,2019,412181.79,,,,,,,,,
Fruit,2020,413872.02,,,,,,,,,
Vegetables,2000,108849.63,,,,,,,,,
Vegetables,2001,123300,,,,,,,,,
Vegetables,2002,122648,,,,,,,,,
Vegetables,2003,141145,,,,,,,,,
Vegetables,2004,139492,,,,,,,,,
Vegetables,2005,141094,,,,,,,,,
Vegetables,2006,155157,,,,,,,,,
Vegetables,2007,163570,,,,,,,,,
Vegetables,2008,171828,,,,,,,,,
Vegetables,2009,164009,,,,,,,,,
Vegetables,2010,171983,,,,,,,,,
Vegetables,2011,187583,,,,,,,,,
Vegetables,2012,189565,,,,,,,,,
Vegetables,2013,199873,,,,,,,,,
Vegetables,2014,201713.75,,,,,,,,,
Vegetables,2015,202565.01,,,,,,,,,
Vegetables,2016,212129.14,,,,,,,,,
Vegetables,2017,210396.19,,,,,,,,,
Vegetables,2018,223125.82,,,,,,,,,
Vegetables,2019,231828.32,,,,,,,,,
Vegetables,2020,222770.54,,,,,,,,,
Pulses,2000,4542.59,,,,,,,,,
Pulses,2001,4797,,,,,,,,,
Pulses,2002,4461,,,,,,,,,
Pulses,2003,6506,,,,,,,,,
Pulses,2004,31870,,,,,,,,,
Pulses,2005,57879,,,,,,,,,
Pulses,2006,38383,,,,,,,,,
Pulses,2007,64113,,,,,,,,,
Pulses,2008,94608,,,,,,,,,
Pulses,2009,66277,,,,,,,,,
Pulses,2010,114569,,,,,,,,,
Pulses,2011,111560,,,,,,,,,
Pulses,2012,69063,,,,,,,,,
Pulses,2013,81676,,,,,,,,,
Pulses,2014,98049.91,,,,,,,,,
Pulses,2015,102476.95,,,,,,,,,
Pulses,2016,140053.62,,,,,,,,,
Pulses,2017,172939.16,,,,,,,,,
Pulses,2018,247442.44,,,,,,,,,
Pulses,2019,178622.97,,,,,,,,,
Pulses,2020,233946.19,,,,,,,,,
Roots and Tubers,2000,50064.95,,,,,,,,,
Roots and Tubers,2001,58611,,,,,,,,,
Roots and Tubers,2002,40747,,,,,,,,,
Roots and Tubers,2003,47881,,,,,,,,,
Roots and Tubers,2004,36794,,,,,,,,,
Roots and Tubers,2005,30770,,,,,,,,,
Roots and Tubers,2006,56309,,,,,,,,,
Roots and Tubers,2007,55491,,,,,,,,,
Roots and Tubers,2008,63959,,,,,,,,,
Roots and Tubers,2009,31128,,,,,,,,,
Roots and Tubers,2010,53537,,,,,,,,,
Roots and Tubers,2011,47032,,,,,,,,,
Roots and Tubers,2012,78934,,,,,,,,,
Roots and Tubers,2013,67245,,,,,,,,,
Roots and Tubers,2014,63267.29,,,,,,,,,
Roots and Tubers,2015,56128.37,,,,,,,,,
Roots and Tubers,2016,67804.49,,,,,,,,,
Roots and Tubers,2017,52231.21,,,,,,,,,
Roots and Tubers,2018,67621.26,,,,,,,,,
Roots and Tubers,2019,45742.45,,,,,,,,,
Roots and Tubers,2020,67044.61,,,,,,,,,
Cassava Equivalent,2000,7599.27,,,,,,,,,
Cassava Equivalent,2001,8927.5,,,,,,,,,
Cassava Equivalent,2002,8097.5,,,,,,,,,
Cassava Equivalent,2003,8170,,,,,,,,,
Cassava Equivalent,2004,9455,,,,,,,,,
Cassava Equivalent,2005,9412.5,,,,,,,,,
Cassava Equivalent,2006,10822.5,,,,,,,,,
Cassava Equivalent,2007,11507.5,,,,,,,,,
Cassava Equivalent,2008,12325,,,,,,,,,
Cassava Equivalent,2009,11062.5,,,,,,,,,
Cassava Equivalent,2010,15042.5,,,,,,,,,
Cassava Equivalent,2011,16785,,,,,,,,,
Cassava Equivalent,2012,15252.5,,,,,,,,,
Cassava Equivalent,2013,12747.5,,,,,,,,,
Cassava Equivalent,2014,13110.59,,,,,,,,,
Cassava Equivalent,2015,11184.43,,,,,,,,,
Cassava Equivalent,2016,9760.57,,,,,,,,,
Cassava Equivalent,2017,9810.87,,,,,,,,,
Cassava Equivalent,2018,9376.79,,,,,,,,,
Cassava Equivalent,2019,9821.64,,,,,,,,,
Cassava Equivalent,2020,9613.04,,,,,,,,,
Groundnuts Total Shelled,2000,3532.85,,,,,,,,,
Groundnuts Total Shelled,2001,3824,,,,,,,,,
Groundnuts Total Shelled,2002,4312,,,,,,,,,
Groundnuts Total Shelled,2003,5470,,,,,,,,,
Groundnuts Total Shelled,2004,5962,,,,,,,,,
Groundnuts Total Shelled,2005,6537,,,,,,,,,
Groundnuts Total Shelled,2006,7139,,,,,,,,,
Groundnuts Total Shelled,2007,7677,,,,,,,,,
Groundnuts Total Shelled,2008,8070,,,,,,,,,
Groundnuts Total Shelled,2009,7629,,,,,,,,,
Groundnuts Total Shelled,2010,6960,,,,,,,,,
Groundnuts Total Shelled,2011,6772,,,,,,,,,
Groundnuts Total Shelled,2012,6896,,,,,,,,,
Groundnuts Total Shelled,2013,7602,,,,,,,,,
Groundnuts Total Shelled,2014,7540.16,,,,,,,,,
Groundnuts Total Shelled,2015,8357.95,,,,,,,,,
Groundnuts Total Shelled,2016,8105.49,,,,,,,,,
Groundnuts Total Shelled,2017,7074.09,,,,,,,,,
Groundnuts Total Shelled,2018,7032.04,,,,,,,,,
Groundnuts Total Shelled,2019,7068.79,,,,,,,,,
Groundnuts Total Shelled,2020,8049.56,,,,,,,,,
Nuts,2000,12283.38,,,,,,,,,
Nuts,2001,12694,,,,,,,,,
Nuts,2002,12677,,,,,,,,,
Nuts,2003,14311,,,,,,,,,
Nuts,2004,16029,,,,,,,,,
Nuts,2005,17201,,,,,,,,,
Nuts,2006,17867,,,,,,,,,
Nuts,2007,19454,,,,,,,,,
Nuts,2008,20091,,,,,,,,,
Nuts,2009,19711,,,,,,,,,
Nuts,2010,20020,,,,,,,,,
Nuts,2011,19638,,,,,,,,,
Nuts,2012,18939,,,,,,,,,
Nuts,2013,19330,,,,,,,,,
Nuts,2014,19745.38,,,,,,,,,
Nuts,2015,21016.24,,,,,,,,,
Nuts,2016,20221.26,,,,,,,,,
Nuts,2017,19266.58,,,,,,,,,
Nuts,2018,20554.97,,,,,,,,,
Nuts,2019,20314.06,,,,,,,,,
Nuts,2020,21766.15,,,,,,,,,
"Whey, fresh and dry (milk equivalent)",2000,1927.34,,,,,,,,,
"Whey, fresh and dry (milk equivalent)",2001,1930.4,,,,,,,,,
"Whey, fresh and dry (milk equivalent)",2002,1649.2,,,,,,,,,
"Whey, fresh and dry (milk equivalent)",2003,798,,,,,,,,,
"Whey, fresh and dry (milk equivalent)",2004,2128,,,,,,,,,
"Whey, fresh and dry (milk equivalent)",2005,1877.2,,,,,,,,,
"Whey, fresh and dry (milk equivalent)",2006,349.6,,,,,,,,,
"Whey, fresh and dry (milk equivalent)",2007,402.8,,,,,,,,,
"Whey, fresh and dry (milk equivalent)",2008,83.6,,,,,,,,,
"Whey, fresh and dry (milk equivalent)",2009,68.4,,,,,,,,,
"Whey, fresh and dry (milk equivalent)",2010,53.2,,,,,,,,,
"Whey, fresh and dry (milk equivalent)",2011,228,,,,,,,,,
"Whey, fresh and dry (milk equivalent)",2012,212.8,,,,,,,,,
"Whey, fresh and dry (milk equivalent)",2013,114,,,,,,,,,
"Whey, fresh and dry (milk equivalent)",2014,137.91,,,,,,,,,
"Whey, fresh and dry (milk equivalent)",2015,548.69,,,,,,,,,
"Whey, fresh and dry (milk equivalent)",2016,661.75,,,,,,,,,
"Whey, fresh and dry (milk equivalent)",2017,706.74,,,,,,,,,
"Whey, fresh and dry (milk equivalent)",2018,558.89,,,,,,,,,
"Whey, fresh and dry (milk equivalent)",2019,501.87,,,,,,,,,
"Whey, fresh and dry (milk equivalent)",2020,377.52,,,,,,,,,
Sugar Crops Primary,2000,152.54,,,,,,,,,
Sugar Crops Primary,2001,154,,,,,,,,,
Sugar Crops Primary,2002,131,,,,,,,,,
Sugar Crops Primary,2003,122,,,,,,,,,
Sugar Crops Primary,2004,88,,,,,,,,,
Sugar Crops Primary,2005,53,,,,,,,,,
Sugar Crops Primary,2006,45,,,,,,,,,
Sugar Crops Primary,2007,112,,,,,,,,,
Sugar Crops Primary,2008,32,,,,,,,,,
Sugar Crops Primary,2009,23,,,,,,,,,
Sugar Crops Primary,2010,24,,,,,,,,,
Sugar Crops Primary,2011,19,,,,,,,,,
Sugar Crops Primary,2012,25,,,,,,,,,
Sugar Crops Primary,2013,13,,,,,,,,,
Sugar Crops Primary,2014,20.03,,,,,,,,,
Sugar Crops Primary,2015,16.43,,,,,,,,,
Sugar Crops Primary,2016,5.3,,,,,,,,,
Sugar Crops Primary,2017,5.29,,,,,,,,,
Sugar Crops Primary,2018,5.2,,,,,,,,,
Sugar Crops Primary,2019,3.04,,,,,,,,,
Sugar Crops Primary,2020,5.26,,,,,,,,,
Dairy Products,2000,4098.18,,,,,,,,,
Dairy Products,2001,3925,,,,,,,,,
Dairy Products,2002,5249,,,,,,,,,
Dairy Products,2003,5961,,,,,,,,,
Dairy Products,2004,7649,,,,,,,,,
Dairy Products,2005,9665,,,,,,,,,
Dairy Products,2006,10039,,,,,,,,,
Dairy Products,2007,10813,,,,,,,,,
Dairy Products,2008,10632,,,,,,,,,
Dairy Products,2009,10834,,,,,,,,,
Dairy Products,2010,15550,,,,,,,,,
Dairy Products,2011,20080,,,,,,,,,
Dairy Products,2012,19698,,,,,,,,,
Dairy Products,2013,19868,,,,,,,,,
Dairy Products,2014,21761.9,,,,,,,,,
Dairy Products,2015,23115.93,,,,,,,,,
Dairy Products,2016,23369.23,,,,,,,,,
Dairy Products,2017,23254.46,,,,,,,,,
Dairy Products,2018,24354.18,,,,,,,,,
Dairy Products,2019,24598.02,,,,,,,,,
Dairy Products,2020,27175.47,,,,,,,,,
Eggs,2000,435.85,,,,,,,,,
Eggs,2001,637,,,,,,,,,
Eggs,2002,639,,,,,,,,,
Eggs,2003,543,,,,,,,,,
Eggs,2004,193,,,,,,,,,
Eggs,2005,827,,,,,,,,,
Eggs,2006,2319,,,,,,,,,
Eggs,2007,2635,,,,,,,,,
Eggs,2008,1642,,,,,,,,,
Eggs,2009,634,,,,,,,,,
Eggs,2010,259,,,,,,,,,
Eggs,2011,1719,,,,,,,,,
Eggs,2012,1456,,,,,,,,,
Eggs,2013,477,,,,,,,,,
Eggs,2014,547.35,,,,,,,,,
Eggs,2015,394.15,,,,,,,,,
Eggs,2016,905.07,,,,,,,,,
Eggs,2017,661.5,,,,,,,,,
Eggs,2018,553.74,,,,,,,,,
Eggs,2019,827.69,,,,,,,,,
Eggs,2020,619.75,,,,,,,,,
Beverages,2000,93371.89,,,,,,,,,
Beverages,2001,112842,,,,,,,,,
Beverages,2002,129133,,,,,,,,,
Beverages,2003,155605,,,,,,,,,
Beverages,2004,159418,,,,,,,,,
Beverages,2005,169952,,,,,,,,,
Beverages,2006,168479,,,,,,,,,
Beverages,2007,170285,,,,,,,,,
Beverages,2008,179336,,,,,,,,,
Beverages,2009,170865,,,,,,,,,
Beverages,2010,182331,,,,,,,,,
Beverages,2011,205278,,,,,,,,,
Beverages,2012,218562,,,,,,,,,
Beverages,2013,237635,,,,,,,,,
Beverages,2014,236355.3,,,,,,,,,
Beverages,2015,234365.5,,,,,,,,,
Beverages,2016,249778.46,,,,,,,,,
Beverages,2017,277843.46,,,,,,,,,
Beverages,2018,285259.2,,,,,,,,,
Beverages,2019,297030.06,,,,,,,,,
Beverages,2020,372642.61,,,,,,,,,
Other food,2000,1626,,,,,,,,,
Other food,2000,152,,,,,,,,,
Other food,2000,525884.48,,,,,,,,,
Other food,2001,1373,,,,,,,,,
Other food,2001,89,,,,,,,,,
Other food,2001,511439,,,,,,,,,
Other food,2002,1453,,,,,,,,,
Other food,2002,66,,,,,,,,,
Other food,2002,528947,,,,,,,,,
Other food,2003,1494,,,,,,,,,
Other food,2003,73,,,,,,,,,
Other food,2003,592167,,,,,,,,,
Other food,2004,1931,,,,,,,,,
Other food,2004,176,,,,,,,,,
Other food,2004,523892,,,,,,,,,
Other food,2005,2030,,,,,,,,,
Other food,2005,139,,,,,,,,,
Other food,2005,555147,,,,,,,,,
Other food,2006,2026,,,,,,,,,
Other food,2006,105,,,,,,,,,
Other food,2006,603039,,,,,,,,,
Other food,2007,2112,,,,,,,,,
Other food,2007,159,,,,,,,,,
Other food,2007,678558,,,,,,,,,
Other food,2008,2141,,,,,,,,,
Other food,2008,112,,,,,,,,,
Other food,2008,683722,,,,,,,,,
Other food,2009,1914,,,,,,,,,
Other food,2009,30,,,,,,,,,
Other food,2009,719155,,,,,,,,,
Other food,2010,1606,,,,,,,,,
Other food,2010,23,,,,,,,,,
Other food,2010,854160,,,,,,,,,
Other food,2011,1558,,,,,,,,,
Other food,2011,49,,,,,,,,,
Other food,2011,905647,,,,,,,,,
Other food,2012,1631,,,,,,,,,
Other food,2012,34,,,,,,,,,
Other food,2012,937378,,,,,,,,,
Other food,2013,1557,,,,,,,,,
Other food,2013,41,,,,,,,,,
Other food,2013,986348,,,,,,,,,
Other food,2014,1623,,,,,,,,,
Other food,2014,32,,,,,,,,,
Other food,2014,943047.75,,,,,,,,,
Other food,2015,1461,,,,,,,,,
Other food,2015,37,,,,,,,,,
Other food,2015,1003176.73,,,,,,,,,
Other food,2016,1406,,,,,,,,,
Other food,2016,42,,,,,,,,,
Other food,2016,949156.85,,,,,,,,,
Other food,2017,1442,,,,,,,,,
Other food,2017,39,,,,,,,,,
Other food,2017,921086.94,,,,,,,,,
Other food,2018,1312,,,,,,,,,
Other food,2018,28,,,,,,,,,
Other food,2018,929123.54,,,,,,,,,
Other food,2019,1490,,,,,,,,,
Other food,2019,2,,,,,,,,,
Other food,2019,1021356.33,,,,,,,,,
Other food,2020,1591,,,,,,,,,
Other food,2020,2,,,,,,,,,
Other food,2020,933707.06,,,,,,,,,
Oilseeds,2000,427666.48,,,,,,,,,
Oilseeds,2001,405096,,,,,,,,,
Oilseeds,2002,419471,,,,,,,,,
Oilseeds,2003,479268,,,,,,,,,
Oilseeds,2004,401937,,,,,,,,,
Oilseeds,2005,402892,,,,,,,,,
Oilseeds,2006,426923,,,,,,,,,
Oilseeds,2007,445855,,,,,,,,,
Oilseeds,2008,434327,,,,,,,,,
Oilseeds,2009,430475,,,,,,,,,
Oilseeds,2010,431676,,,,,,,,,
Oilseeds,2011,451324,,,,,,,,,
Oilseeds,2012,420786,,,,,,,,,
Oilseeds,2013,443413,,,,,,,,,
Oilseeds,2014,413598.04,,,,,,,,,
Oilseeds,2015,444152.29,,,,,,,,,
Oilseeds,2016,441301.3,,,,,,,,,
Oilseeds,2017,452273.13,,,,,,,,,
Oilseeds,2018,420985.08,,,,,,,,,
Oilseeds,2019,428718.14,,,,,,,,,
Oilseeds,2020,434444.71,,,,,,,,,
Other food nes,2000,98218.01,,,,,,,,,
Other food nes,2001,106343,,,,,,,,,
Other food nes,2002,109476,,,,,,,,,
Other food nes,2003,112899,,,,,,,,,
Other food nes,2004,121955,,,,,,,,,
Other food nes,2005,152255,,,,,,,,,
Other food nes,2006,176116,,,,,,,,,
Other food nes,2007,232703,,,,,,,,,
Other food nes,2008,249395,,,,,,,,,
Other food nes,2009,288680,,,,,,,,,
Other food nes,2010,422484,,,,,,,,,
Other food nes,2011,454323,,,,,,,,,
Other food nes,2012,516592,,,,,,,,,
Other food nes,2013,542935,,,,,,,,,
Other food nes,2014,529449.71,,,,,,,,,
Other food nes,2015,559024.45,,,,,,,,,
Other food nes,2016,507855.55,,,,,,,,,
Other food nes,2017,468813.81,,,,,,,,,
Other food nes,2018,508138.46,,,,,,,,,
Other food nes,2019,592638.2,,,,,,,,,
Other food nes,2020,499262.35,,,,,,,,,
Fodder and Feeding Stuff,2000,217369.79,,,,,,,,,
Fodder and Feeding Stuff,2001,256678,,,,,,,,,
Fodder and Feeding Stuff,2002,328779,,,,,,,,,
Fodder and Feeding Stuff,2003,319166,,,,,,,,,
Fodder and Feeding Stuff,2004,311362,,,,,,,,,
Fodder and Feeding Stuff,2005,284877,,,,,,,,,
Fodder and Feeding Stuff,2006,348350,,,,,,,,,
Fodder and Feeding Stuff,2007,405468,,,,,,,,,
Fodder and Feeding Stuff,2008,400491,,,,,,,,,
Fodder and Feeding Stuff,2009,382132,,,,,,,,,
Fodder and Feeding Stuff,2010,404123,,,,,,,,,
Fodder and Feeding Stuff,2011,489235,,,,,,,,,
Fodder and Feeding Stuff,2012,530442,,,,,,,,,
Fodder and Feeding Stuff,2013,602359,,,,,,,,,
Fodder and Feeding Stuff,2014,672783.31,,,,,,,,,
Fodder and Feeding Stuff,2015,650762.54,,,,,,,,,
Fodder and Feeding Stuff,2016,643971.98,,,,,,,,,
Fodder and Feeding Stuff,2017,708061.28,,,,,,,,,
Fodder and Feeding Stuff,2018,874728.65,,,,,,,,,
Fodder and Feeding Stuff,2019,787296.1,,,,,,,,,
Fodder and Feeding Stuff,2020,906233.47,,,,,,,,,
Natural Rubber,2000,156.56,,,,,,,,,
Natural Rubber,2001,189,,,,,,,,,
Natural Rubber,2002,95,,,,,,,,,
Natural Rubber,2003,137,,,,,,,,,
Natural Rubber,2004,189,,,,,,,,,
Natural Rubber,2005,150,,,,,,,,,
Natural Rubber,2006,182,,,,,,,,,
Natural Rubber,2007,243,,,,,,,,,
Natural Rubber,2008,198,,,,,,,,,
Natural Rubber,2009,66,,,,,,,,,
Natural Rubber,2010,141,,,,,,,,,
Natural Rubber,2011,169,,,,,,,,,
Natural Rubber,2012,112,,,,,,,,,
Natural Rubber,2013,486,,,,,,,,,
Natural Rubber,2014,204.65,,,,,,,,,
Natural Rubber,2015,78.49,,,,,,,,,
Natural Rubber,2016,129.28,,,,,,,,,
Natural Rubber,2017,108.42,,,,,,,,,
Natural Rubber,2018,72.47,,,,,,,,,
Natural Rubber,2019,87.37,,,,,,,,,
Natural Rubber,2020,59.84,,,,,,,,,
Textile Fibres,2000,1544.91,,,,,,,,,
Textile Fibres,2001,1702,,,,,,,,,
Textile Fibres,2002,1540,,,,,,,,,
Textile Fibres,2003,1524,,,,,,,,,
Textile Fibres,2004,796,,,,,,,,,
Textile Fibres,2005,946,,,,,,,,,
Textile Fibres,2006,586,,,,,,,,,
Textile Fibres,2007,1602,,,,,,,,,
Textile Fibres,2008,945,,,,,,,,,
Textile Fibres,2009,867,,,,,,,,,
Textile Fibres,2010,816,,,,,,,,,
Textile Fibres,2011,659,,,,,,,,,
Textile Fibres,2012,1312,,,,,,,,,
Textile Fibres,2013,1244,,,,,,,,,
Textile Fibres,2014,848.31,,,,,,,,,
Textile Fibres,2015,920.89,,,,,,,,,
Textile Fibres,2016,918.1,,,,,,,,,
Textile Fibres,2017,1062.8,,,,,,,,,
Textile Fibres,2018,903.87,,,,,,,,,
Textile Fibres,2019,971.93,,,,,,,,,
Textile Fibres,2020,1122.94,,,,,,,,,
Hides and skins,2000,3979.86,,,,,,,,,
Hides and skins,2001,3721,,,,,,,,,
Hides and skins,2002,1766,,,,,,,,,
Hides and skins,2003,2330,,,,,,,,,
Hides and skins,2004,2166,,,,,,,,,
Hides and skins,2005,1499,,,,,,,,,
Hides and skins,2006,1055,,,,,,,,,
Hides and skins,2007,1284,,,,,,,,,
Hides and skins,2008,2199,,,,,,,,,
Hides and skins,2009,1393,,,,,,,,,
Hides and skins,2010,536,,,,,,,,,
Hides and skins,2011,289,,,,,,,,,
Hides and skins,2012,72,,,,,,,,,
Hides and skins,2013,76,,,,,,,,,
Hides and skins,2014,1828.57,,,,,,,,,
Hides and skins,2015,2549.81,,,,,,,,,
Hides and skins,2016,1930.57,,,,,,,,,
Hides and skins,2017,1322.62,,,,,,,,,
Hides and skins,2018,1735.62,,,,,,,,,
Hides and skins,2019,4191.72,,,,,,,,,
Hides and skins,2020,4886.94,,,,,,,,,
Crude Materials nes,2000,130.1,,,,,,,,,
Crude Materials nes,2001,182,,,,,,,,,
Crude Materials nes,2002,119,,,,,,,,,
Crude Materials nes,2003,109,,,,,,,,,
Crude Materials nes,2004,119,,,,,,,,,
Crude Materials nes,2005,111,,,,,,,,,
Crude Materials nes,2006,97,,,,,,,,,
Crude Materials nes,2007,113,,,,,,,,,
Crude Materials nes,2008,123,,,,,,,,,
Crude Materials nes,2009,116,,,,,,,,,
Crude Materials nes,2010,88,,,,,,,,,
Crude Materials nes,2011,126,,,,,,,,,
Crude Materials nes,2012,115,,,,,,,,,
Crude Materials nes,2013,128,,,,,,,,,
Crude Materials nes,2014,20,,,,,,,,,
Crude Materials nes,2014,237.2,,,,,,,,,
Crude Materials nes,2015,286.38,,,,,,,,,
Crude Materials nes,2016,0,,,,,,,,,
Crude Materials nes,2016,319.2,,,,,,,,,
Crude Materials nes,2017,0,,,,,,,,,
Crude Materials nes,2017,395.19,,,,,,,,,
Crude Materials nes,2018,0,,,,,,,,,
Crude Materials nes,2018,321.42,,,,,,,,,
Crude Materials nes,2019,0,,,,,,,,,
Crude Materials nes,2019,321.28,,,,,,,,,
Crude Materials nes,2020,0,,,,,,,,,
Crude Materials nes,2020,349.61,,,,,,,,,
Tobacco,2000,7347.48,,,,,,,,,
Tobacco,2001,7649,,,,,,,,,
Tobacco,2002,8260,,,,,,,,,
Tobacco,2003,8951,,,,,,,,,
Tobacco,2004,11579,,,,,,,,,
Tobacco,2005,5200,,,,,,,,,
Tobacco,2006,4332,,,,,,,,,
Tobacco,2007,4669,,,,,,,,,
Tobacco,2008,5319,,,,,,,,,
Tobacco,2009,4805,,,,,,,,,
Tobacco,2010,5152,,,,,,,,,
Tobacco,2011,5009,,,,,,,,,
Tobacco,2012,4549,,,,,,,,,
Tobacco,2013,4530,,,,,,,,,
Tobacco,2014,4843.65,,,,,,,,,
Tobacco,2015,4810.27,,,,,,,,,
Tobacco,2016,4663.04,,,,,,,,,
Tobacco,2017,4641.03,,,,,,,,,
Tobacco,2018,4502.25,,,,,,,,,
Tobacco,2019,4165.22,,,,,,,,,
Tobacco,2020,5116.2,,,,,,,,,
"Cereals, primary",2000,293697.03,,,,,,,,,
"Cereals, primary",2001,368276,,,,,,,,,
"Cereals, primary",2002,430450,,,,,,,,,
"Cereals, primary",2003,428706,,,,,,,,,
"Cereals, primary",2004,308127,,,,,,,,,
"Cereals, primary",2005,197704,,,,,,,,,
"Cereals, primary",2006,334948,,,,,,,,,
"Cereals, primary",2007,507472,,,,,,,,,
"Cereals, primary",2008,571096,,,,,,,,,
"Cereals, primary",2009,366290,,,,,,,,,
"Cereals, primary",2010,523146,,,,,,,,,
"Cereals, primary",2011,539545,,,,,,,,,
"Cereals, primary",2012,699106,,,,,,,,,
"Cereals, primary",2013,704650,,,,,,,,,
"Cereals, primary",2014,642882.34,,,,,,,,,
"Cereals, primary",2015,459208.45,,,,,,,,,
"Cereals, primary",2016,385195.33,,,,,,,,,
"Cereals, primary",2017,362661.4,,,,,,,,,
"Cereals, primary",2018,634126.01,,,,,,,,,
"Cereals, primary",2019,601646.98,,,,,,,,,
"Cereals, primary",2020,405948.89,,,,,,,,,
"Beef and Buffalo Meat, primary",2000,4010.18,,,,,,,,,
"Beef and Buffalo Meat, primary",2001,6360.3,,,,,,,,,
"Beef and Buffalo Meat, primary",2002,6460.1,,,,,,,,,
"Beef and Buffalo Meat, primary",2003,9381.7,,,,,,,,,
"Beef and Buffalo Meat, primary",2004,8889.7,,,,,,,,,
"Beef and Buffalo Meat, primary",2005,6909.6,,,,,,,,,
"Beef and Buffalo Meat, primary",2006,6407.6,,,,,,,,,
"Beef and Buffalo Meat, primary",2007,11344.7,,,,,,,,,
"Beef and Buffalo Meat, primary",2008,12615.2,,,,,,,,,
"Beef and Buffalo Meat, primary",2009,8790.6,,,,,,,,,
"Beef and Buffalo Meat, primary",2010,6843.8,,,,,,,,,
"Beef and Buffalo Meat, primary",2011,11765.7,,,,,,,,,
"Beef and Buffalo Meat, primary",2012,19135.6,,,,,,,,,
"Beef and Buffalo Meat, primary",2013,15453.7,,,,,,,,,
"Beef and Buffalo Meat, primary",2014,13117.25,,,,,,,,,
"Beef and Buffalo Meat, primary",2015,23896.94,,,,,,,,,
"Beef and Buffalo Meat, primary",2016,23037.05,,,,,,,,,
"Beef and Buffalo Meat, primary",2017,17781.2,,,,,,,,,
"Beef and Buffalo Meat, primary",2018,11903.48,,,,,,,,,
"Beef and Buffalo Meat, primary",2019,11834.03,,,,,,,,,
"Beef and Buffalo Meat, primary",2020,17730.26,,,,,,,,,
Sheep and Goat Meat,2000,872.9,,,,,,,,,
Sheep and Goat Meat,2001,791,,,,,,,,,
Sheep and Goat Meat,2002,918,,,,,,,,,
Sheep and Goat Meat,2003,852,,,,,,,,,
Sheep and Goat Meat,2004,823,,,,,,,,,
Sheep and Goat Meat,2005,713,,,,,,,,,
Sheep and Goat Meat,2006,543,,,,,,,,,
Sheep and Goat Meat,2007,2793,,,,,,,,,
Sheep and Goat Meat,2008,4683,,,,,,,,,
Sheep and Goat Meat,2009,1263,,,,,,,,,
Sheep and Goat Meat,2010,1267,,,,,,,,,
Sheep and Goat Meat,2011,1545,,,,,,,,,
Sheep and Goat Meat,2012,2679,,,,,,,,,
Sheep and Goat Meat,2013,3220,,,,,,,,,
Sheep and Goat Meat,2014,2395.73,,,,,,,,,
Sheep and Goat Meat,2015,1608.34,,,,,,,,,
Sheep and Goat Meat,2016,883.14,,,,,,,,,
Sheep and Goat Meat,2017,370.25,,,,,,,,,
Sheep and Goat Meat,2018,719.34,,,,,,,,,
Sheep and Goat Meat,2019,493.52,,,,,,,,,
Sheep and Goat Meat,2020,298.86,,,,,,,,,
"Meat, Poultry",2000,170.32,,,,,,,,,
"Meat, Poultry",2001,114,,,,,,,,,
"Meat, Poultry",2002,84,,,,,,,,,
"Meat, Poultry",2003,123,,,,,,,,,
"Meat, Poultry",2004,183,,,,,,,,,
"Meat, Poultry",2005,384,,,,,,,,,
"Meat, Poultry",2006,352,,,,,,,,,
"Meat, Poultry",2007,215,,,,,,,,,
"Meat, Poultry",2008,286,,,,,,,,,
"Meat, Poultry",2009,652,,,,,,,,,
"Meat, Poultry",2010,118,,,,,,,,,
"Meat, Poultry",2011,156,,,,,,,,,
"Meat, Poultry",2012,1707,,,,,,,,,
"Meat, Poultry",2013,1170,,,,,,,,,
"Meat, Poultry",2014,493.59,,,,,,,,,
"Meat, Poultry",2015,829.75,,,,,,,,,
"Meat, Poultry",2016,896.34,,,,,,,,,
"Meat, Poultry",2017,719.56,,,,,,,,,
"Meat, Poultry",2018,738.23,,,,,,,,,
"Meat, Poultry",2019,961.42,,,,,,,,,
"Meat, Poultry",2020,1151.34,,,,,,,,,
Butter and Ghee,2000,1388.04,,,,,,,,,
Butter and Ghee,2001,1320,,,,,,,,,
Butter and Ghee,2002,2752.2,,,,,,,,,
Butter and Ghee,2003,1900.8,,,,,,,,,
Butter and Ghee,2004,2310,,,,,,,,,
Butter and Ghee,2005,2613.6,,,,,,,,,
Butter and Ghee,2006,2171.4,,,,,,,,,
Butter and Ghee,2007,1854.6,,,,,,,,,
Butter and Ghee,2008,2422.2,,,,,,,,,
Butter and Ghee,2009,2336.4,,,,,,,,,
Butter and Ghee,2010,963.6,,,,,,,,,
Butter and Ghee,2011,13741.2,,,,,,,,,
Butter and Ghee,2012,13543.2,,,,,,,,,
Butter and Ghee,2013,2692.8,,,,,,,,,
Butter and Ghee,2014,2856.07,,,,,,,,,
Butter and Ghee,2015,2378.48,,,,,,,,,
Butter and Ghee,2016,2592.79,,,,,,,,,
Butter and Ghee,2017,1994.01,,,,,,,,,
Butter and Ghee,2018,2311.64,,,,,,,,,
Butter and Ghee,2019,2427.04,,,,,,,,,
Butter and Ghee,2020,3712.86,,,,,,,,,
Cheese (All Kinds),2000,12902,,,,,,,,,
Cheese (All Kinds),2001,13918.4,,,,,,,,,
Cheese (All Kinds),2002,18598,,,,,,,,,
Cheese (All Kinds),2003,22373.8,,,,,,,,,
Cheese (All Kinds),2004,27161.2,,,,,,,,,
Cheese (All Kinds),2005,32194.2,,,,,,,,,
Cheese (All Kinds),2006,33293.4,,,,,,,,,
Cheese (All Kinds),2007,35511.6,,,,,,,,,
Cheese (All Kinds),2008,36577.4,,,,,,,,,
Cheese (All Kinds),2009,37508.2,,,,,,,,,
Cheese (All Kinds),2010,41115.6,,,,,,,,,
Cheese (All Kinds),2011,46729.8,,,,,,,,,
Cheese (All Kinds),2012,49052.4,,,,,,,,,
Cheese (All Kinds),2013,48771,,,,,,,,,
Cheese (All Kinds),2014,50789.24,,,,,,,,,
Cheese (All Kinds),2015,53461.79,,,,,,,,,
Cheese (All Kinds),2016,57250.55,,,,,,,,,
Cheese (All Kinds),2017,59519.44,,,,,,,,,
Cheese (All Kinds),2018,63666.11,,,,,,,,,
Cheese (All Kinds),2019,66660.69,,,,,,,,,
Cheese (All Kinds),2020,74364.21,,,,,,,,,
Evaporated & Condensed Milk,2000,49.68,,,,,,,,,
Evaporated & Condensed Milk,2001,50.4,,,,,,,,,
Evaporated & Condensed Milk,2002,302.4,,,,,,,,,
Evaporated & Condensed Milk,2003,308.7,,,,,,,,,
Evaporated & Condensed Milk,2004,304.5,,,,,,,,,
Evaporated & Condensed Milk,2005,417.9,,,,,,,,,
Evaporated & Condensed Milk,2006,476.7,,,,,,,,,
Evaporated & Condensed Milk,2007,588,,,,,,,,,
Evaporated & Condensed Milk,2008,669.9,,,,,,,,,
Evaporated & Condensed Milk,2009,678.3,,,,,,,,,
Evaporated & Condensed Milk,2010,663.6,,,,,,,,,
Evaporated & Condensed Milk,2011,686.7,,,,,,,,,
Evaporated & Condensed Milk,2012,819,,,,,,,,,
Evaporated & Condensed Milk,2013,892.5,,,,,,,,,
Evaporated & Condensed Milk,2014,949.63,,,,,,,,,
Evaporated & Condensed Milk,2015,1288.96,,,,,,,,,
Evaporated & Condensed Milk,2016,1561.33,,,,,,,,,
Evaporated & Condensed Milk,2017,1475.05,,,,,,,,,
Evaporated & Condensed Milk,2018,1496.07,,,,,,,,,
Evaporated & Condensed Milk,2019,1628.33,,,,,,,,,
Evaporated & Condensed Milk,2020,1936.72,,,,,,,,,
"Skim Milk & Buttermilk, Dry",2000,44.28,,,,,,,,,
"Skim Milk & Buttermilk, Dry",2001,53.2,,,,,,,,,
"Skim Milk & Buttermilk, Dry",2002,7.6,,,,,,,,,
"Skim Milk & Buttermilk, Dry",2003,53.2,,,,,,,,,
"Skim Milk & Buttermilk, Dry",2004,433.2,,,,,,,,,
"Skim Milk & Buttermilk, Dry",2005,805.6,,,,,,,,,
"Skim Milk & Buttermilk, Dry",2006,836,,,,,,,,,
"Skim Milk & Buttermilk, Dry",2007,1071.6,,,,,,,,,
"Skim Milk & Buttermilk, Dry",2008,1565.6,,,,,,,,,
"Skim Milk & Buttermilk, Dry",2009,1763.2,,,,,,,,,
"Skim Milk & Buttermilk, Dry",2010,1542.8,,,,,,,,,
"Skim Milk & Buttermilk, Dry",2011,1390.8,,,,,,,,,
"Skim Milk & Buttermilk, Dry",2012,1710,,,,,,,,,
"Skim Milk & Buttermilk, Dry",2013,1337.6,,,,,,,,,
"Skim Milk & Buttermilk, Dry",2014,1734.3,,,,,,,,,
"Skim Milk & Buttermilk, Dry",2015,2515.88,,,,,,,,,
"Skim Milk & Buttermilk, Dry",2016,2167.41,,,,,,,,,
"Skim Milk & Buttermilk, Dry",2017,2319.82,,,,,,,,,
"Skim Milk & Buttermilk, Dry",2018,2816.89,,,,,,,,,
"Skim Milk & Buttermilk, Dry",2019,2838.11,,,,,,,,,
"Skim Milk & Buttermilk, Dry",2020,6865.71,,,,,,,,,
"Dairy Products, milk equivalent",2000,1552.11,,,,,,,,,
"Dairy Products, milk equivalent",2001,1546.8,,,,,,,,,
"Dairy Products, milk equivalent",2002,3372.1,,,,,,,,,
"Dairy Products, milk equivalent",2003,2522.7,,,,,,,,,
"Dairy Products, milk equivalent",2004,3406.3,,,,,,,,,
"Dairy Products, milk equivalent",2005,4475.3,,,,,,,,,
"Dairy Products, milk equivalent",2006,4045.7,,,,,,,,,
"Dairy Products, milk equivalent",2007,4288.8,,,,,,,,,
"Dairy Products, milk equivalent",2008,5206.1,,,,,,,,,
"Dairy Products, milk equivalent",2009,5101.1,,,,,,,,,
"Dairy Products, milk equivalent",2010,5150.4,,,,,,,,,
"Dairy Products, milk equivalent",2011,17505.3,,,,,,,,,
"Dairy Products, milk equivalent",2012,16857.7,,,,,,,,,
"Dairy Products, milk equivalent",2013,5681.2,,,,,,,,,
"Dairy Products, milk equivalent",2014,6580.98,,,,,,,,,
"Dairy Products, milk equivalent",2015,6841.41,,,,,,,,,
"Dairy Products, milk equivalent",2016,7005.18,,,,,,,,,
"Dairy Products, milk equivalent",2017,6567.31,,,,,,,,,
"Dairy Products, milk equivalent",2018,7287.25,,,,,,,,,
"Dairy Products, milk equivalent",2019,7602.19,,,,,,,,,
"Dairy Products, milk equivalent",2020,13543.69,,,,,,,,,
