Item,Year,Unit,Value,,,,,,,,,Year,Exports,Population,Per Capita Export,Area_population,Area Export
Cereals,2000,t,364.36,,,,,,,,,2000,550422.78,4503364,0.122224804,15044,1838.749944
Cereals,2001,t,2251.5,,,,,,,,,2001,468286.4,4523861,0.103514763,15029,1555.723376
Cereals,2002,t,529.8,,,,,Row Labels,Sum of Value,,,2002,482887.1,4551996,0.106082497,14883,1578.825796
Cereals,2003,t,404,,,,,2000,550422.78,,,2003,504887.7,4577207,0.110304756,14783,1630.635204
Cereals,2004,t,358.65,,,,,2001,468286.4,,,2004,526006.25,4606003,0.114200154,14777,1687.535669
Cereals,2005,t,463.9,,,,,2002,482887.1,,,2005,599655.4,4640219,0.129229978,14693,1898.776069
Cereals,2006,t,463.3,,,,,2003,504887.7,,,2006,618538.55,4681134,0.13213434,14680,1939.732106
Cereals,2007,t,365.95,,,,,2004,526006.25,,,2007,570070.5,4737171,0.120339861,14588,1755.517893
Cereals,2008,t,503.4,,,,,2005,599655.4,,,2008,540201.65,4799252,0.112559551,14460,1627.611107
Cereals,2009,t,223.1,,,,,2006,618538.55,,,2009,520564.95,4858199,0.107151838,14435,1546.736775
Cereals,2010,t,455.4,,,,,2007,570070.5,,,2010,549746.25,4920305,0.111730116,14396,1608.466755
Cereals,2011,t,1561.5,,,,,2008,540201.65,,,2011,517227.3,4985870,0.103738625,14422,1496.118455
Cereals,2012,t,1070.5,,,,,2009,520564.95,,,2012,573645.75,5051275,0.113564546,14420,1637.600747
Cereals,2013,t,355.8,,,,,2010,549746.25,,,2013,669234.9,5109056,0.130989932,14311,1874.596922
Cereals,2014,t,628.69,,,,,2011,517227.3,,,2014,806250.58,5165802,0.156074619,14285,2229.525935
Cereals,2015,t,304.25,,,,,2012,573645.75,,,2015,872577.58,5213985,0.167353297,14241,2383.278302
Cereals,2016,t,923.12,,,,,2013,669234.9,,,2016,924756.5,5258317,0.175865491,14150,2488.496695
Cereals,2017,t,1085.21,,,,,2014,806250.58,,,2017,933751.38,5295619,0.176325257,14118,2489.359975
Cereals,2018,t,1603.36,,,,,2015,872577.58,,,2018,868907.58,5328212,0.163076766,14020,2286.336255
Cereals,2019,t,1554.59,,,,,2016,924756.5,,,2019,993890.64,5367580,0.185165501,13875,2569.171327
Cereals,2020,t,1259.62,,,,,2017,933751.38,,,2020,904403.26,5391369,0.167750206,13734,2303.881328
Cereal preparations total,2000,t,9948.73,,,,,2018,868907.58,,,,,,,,
Cereal preparations total,2001,t,10630,,,,,2019,993890.64,,,,,,,,
Cereal preparations total,2002,t,9786,,,,,2020,904403.26,,,,,,,,
Cereal preparations total,2003,t,10516,,,,,(blank),,,,,,,,,
Cereal preparations total,2004,t,11333,,,,,Grand Total,13995913,,,,,,,,
Cereal preparations total,2005,t,10992,,,,,,,,,,,,,,
Cereal preparations total,2006,t,10845,,,,,,,,,,,,,,
Cereal preparations total,2007,t,11149,,,,,,,,,,,,,,
Cereal preparations total,2008,t,11002,,,,,,,,,,,,,,
Cereal preparations total,2009,t,8873,,,,,,,,,,,,,,
Cereal preparations total,2010,t,10735,,,,,,,,,,,,,,
Cereal preparations total,2011,t,9722,,,,,,,,,,,,,,
Cereal preparations total,2012,t,9368,,,,,,,,,,,,,,
Cereal preparations total,2013,t,9550,,,,,,,,,,,,,,
Cereal preparations total,2014,t,9778.62,,,,,,,,,,,,,,
Cereal preparations total,2015,t,10514.2,,,,,,,,,,,,,,
Cereal preparations total,2016,t,10869.72,,,,,,,,,,,,,,
Cereal preparations total,2017,t,12109.83,,,,,,,,,,,,,,
Cereal preparations total,2018,t,11231.1,,,,,,,,,,,,,,
Cereal preparations total,2019,t,13822.42,,,,,,,,,,,,,,
Cereal preparations total,2020,t,12909,,,,,,,,,,,,,,
Animal Fats and Oils (excl. Butter),2000,t,4479.97,,,,,,,,,,,,,,
Animal Fats and Oils (excl. Butter),2001,t,1199,,,,,,,,,,,,,,
Animal Fats and Oils (excl. Butter),2002,t,684,,,,,,,,,,,,,,
Animal Fats and Oils (excl. Butter),2003,t,160,,,,,,,,,,,,,,
Animal Fats and Oils (excl. Butter),2004,t,2635,,,,,,,,,,,,,,
Animal Fats and Oils (excl. Butter),2005,t,2519,,,,,,,,,,,,,,
Animal Fats and Oils (excl. Butter),2006,t,2207,,,,,,,,,,,,,,
Animal Fats and Oils (excl. Butter),2007,t,248,,,,,,,,,,,,,,
Animal Fats and Oils (excl. Butter),2008,t,1004,,,,,,,,,,,,,,
Animal Fats and Oils (excl. Butter),2009,t,765,,,,,,,,,,,,,,
Animal Fats and Oils (excl. Butter),2010,t,1047,,,,,,,,,,,,,,
Animal Fats and Oils (excl. Butter),2011,t,1573,,,,,,,,,,,,,,
Animal Fats and Oils (excl. Butter),2012,t,1394,,,,,,,,,,,,,,
Animal Fats and Oils (excl. Butter),2013,t,2460,,,,,,,,,,,,,,
Animal Fats and Oils (excl. Butter),2014,t,1494.22,,,,,,,,,,,,,,
Animal Fats and Oils (excl. Butter),2015,t,1624.8,,,,,,,,,,,,,,
Animal Fats and Oils (excl. Butter),2016,t,1125.63,,,,,,,,,,,,,,
Animal Fats and Oils (excl. Butter),2017,t,1126.6,,,,,,,,,,,,,,
Animal Fats and Oils (excl. Butter),2018,t,1145.42,,,,,,,,,,,,,,
Animal Fats and Oils (excl. Butter),2019,t,1213.22,,,,,,,,,,,,,,
Animal Fats and Oils (excl. Butter),2020,t,718.2,,,,,,,,,,,,,,
Vegetable Oil and Fat,2000,t,30169.66,,,,,,,,,,,,,,
Vegetable Oil and Fat,2001,t,23158,,,,,,,,,,,,,,
Vegetable Oil and Fat,2002,t,28783,,,,,,,,,,,,,,
Vegetable Oil and Fat,2003,t,30632,,,,,,,,,,,,,,
Vegetable Oil and Fat,2004,t,51608,,,,,,,,,,,,,,
Vegetable Oil and Fat,2005,t,68796,,,,,,,,,,,,,,
Vegetable Oil and Fat,2006,t,81359,,,,,,,,,,,,,,
Vegetable Oil and Fat,2007,t,73353,,,,,,,,,,,,,,
Vegetable Oil and Fat,2008,t,69628,,,,,,,,,,,,,,
Vegetable Oil and Fat,2009,t,69200,,,,,,,,,,,,,,
Vegetable Oil and Fat,2010,t,78030,,,,,,,,,,,,,,
Vegetable Oil and Fat,2011,t,69311,,,,,,,,,,,,,,
Vegetable Oil and Fat,2012,t,79114,,,,,,,,,,,,,,
Vegetable Oil and Fat,2013,t,69525,,,,,,,,,,,,,,
Vegetable Oil and Fat,2014,t,65584.65,,,,,,,,,,,,,,
Vegetable Oil and Fat,2015,t,72026.52,,,,,,,,,,,,,,
Vegetable Oil and Fat,2016,t,80406.09,,,,,,,,,,,,,,
Vegetable Oil and Fat,2017,t,71364.84,,,,,,,,,,,,,,
Vegetable Oil and Fat,2018,t,61624.43,,,,,,,,,,,,,,
Vegetable Oil and Fat,2019,t,73218.8,,,,,,,,,,,,,,
Vegetable Oil and Fat,2020,t,85093.25,,,,,,,,,,,,,,
Bovine Meat,2000,t,2329.32,,,,,,,,,,,,,,
Bovine Meat,2001,t,2082.3,,,,,,,,,,,,,,
Bovine Meat,2002,t,1343.8,,,,,,,,,,,,,,
Bovine Meat,2003,t,1455,,,,,,,,,,,,,,
Bovine Meat,2004,t,1511.2,,,,,,,,,,,,,,
Bovine Meat,2005,t,1583.6,,,,,,,,,,,,,,
Bovine Meat,2006,t,2720.6,,,,,,,,,,,,,,
Bovine Meat,2007,t,1427.4,,,,,,,,,,,,,,
Bovine Meat,2008,t,1485.8,,,,,,,,,,,,,,
Bovine Meat,2009,t,1059.5,,,,,,,,,,,,,,
Bovine Meat,2010,t,923.6,,,,,,,,,,,,,,
Bovine Meat,2011,t,830.9,,,,,,,,,,,,,,
Bovine Meat,2012,t,864.2,,,,,,,,,,,,,,
Bovine Meat,2013,t,978.3,,,,,,,,,,,,,,
Bovine Meat,2014,t,882.21,,,,,,,,,,,,,,
Bovine Meat,2015,t,512.79,,,,,,,,,,,,,,
Bovine Meat,2016,t,260.23,,,,,,,,,,,,,,
Bovine Meat,2017,t,1028.34,,,,,,,,,,,,,,
Bovine Meat,2018,t,733.93,,,,,,,,,,,,,,
Bovine Meat,2019,t,810.93,,,,,,,,,,,,,,
Bovine Meat,2020,t,854.83,,,,,,,,,,,,,,
Poultry Meat,2000,t,161.21,,,,,,,,,,,,,,
Poultry Meat,2001,t,20.4,,,,,,,,,,,,,,
Poultry Meat,2002,t,101.1,,,,,,,,,,,,,,
Poultry Meat,2003,t,357.05,,,,,,,,,,,,,,
Poultry Meat,2004,t,209.8,,,,,,,,,,,,,,
Poultry Meat,2005,t,171.05,,,,,,,,,,,,,,
Poultry Meat,2006,t,175.15,,,,,,,,,,,,,,
Poultry Meat,2007,t,391.65,,,,,,,,,,,,,,
Poultry Meat,2008,t,778.4,,,,,,,,,,,,,,
Poultry Meat,2009,t,946.85,,,,,,,,,,,,,,
Poultry Meat,2010,t,1662.65,,,,,,,,,,,,,,
Poultry Meat,2011,t,1343.55,,,,,,,,,,,,,,
Poultry Meat,2012,t,795.35,,,,,,,,,,,,,,
Poultry Meat,2013,t,762.7,,,,,,,,,,,,,,
Poultry Meat,2014,t,3852.01,,,,,,,,,,,,,,
Poultry Meat,2015,t,1541.53,,,,,,,,,,,,,,
Poultry Meat,2016,t,1025.35,,,,,,,,,,,,,,
Poultry Meat,2017,t,820.47,,,,,,,,,,,,,,
Poultry Meat,2018,t,936.43,,,,,,,,,,,,,,
Poultry Meat,2019,t,1217.36,,,,,,,,,,,,,,
Poultry Meat,2020,t,1811.63,,,,,,,,,,,,,,
Pigmeat (meat equivalent),2000,t,2004.89,,,,,,,,,,,,,,
Pigmeat (meat equivalent),2001,t,1872.2,,,,,,,,,,,,,,
Pigmeat (meat equivalent),2002,t,1371.7,,,,,,,,,,,,,,
Pigmeat (meat equivalent),2003,t,1643.95,,,,,,,,,,,,,,
Pigmeat (meat equivalent),2004,t,5459.9,,,,,,,,,,,,,,
Pigmeat (meat equivalent),2005,t,4396.75,,,,,,,,,,,,,,
Pigmeat (meat equivalent),2006,t,6790.1,,,,,,,,,,,,,,
Pigmeat (meat equivalent),2007,t,3102.8,,,,,,,,,,,,,,
Pigmeat (meat equivalent),2008,t,2071.75,,,,,,,,,,,,,,
Pigmeat (meat equivalent),2009,t,2987.1,,,,,,,,,,,,,,
Pigmeat (meat equivalent),2010,t,5156.7,,,,,,,,,,,,,,
Pigmeat (meat equivalent),2011,t,3600.35,,,,,,,,,,,,,,
Pigmeat (meat equivalent),2012,t,4737.9,,,,,,,,,,,,,,
Pigmeat (meat equivalent),2013,t,5817.4,,,,,,,,,,,,,,
Pigmeat (meat equivalent),2014,t,4893.82,,,,,,,,,,,,,,
Pigmeat (meat equivalent),2015,t,2538.87,,,,,,,,,,,,,,
Pigmeat (meat equivalent),2016,t,3978.75,,,,,,,,,,,,,,
Pigmeat (meat equivalent),2017,t,5314.65,,,,,,,,,,,,,,
Pigmeat (meat equivalent),2018,t,4384.62,,,,,,,,,,,,,,
Pigmeat (meat equivalent),2019,t,4521.08,,,,,,,,,,,,,,
Pigmeat (meat equivalent),2020,t,4068.24,,,,,,,,,,,,,,
Other Meat,2000,t,97.47,,,,,,,,,,,,,,
Other Meat,2001,t,401,,,,,,,,,,,,,,
Other Meat,2002,t,648,,,,,,,,,,,,,,
Other Meat,2003,t,704,,,,,,,,,,,,,,
Other Meat,2004,t,850,,,,,,,,,,,,,,
Other Meat,2005,t,585,,,,,,,,,,,,,,
Other Meat,2006,t,142,,,,,,,,,,,,,,
Other Meat,2007,t,149,,,,,,,,,,,,,,
Other Meat,2008,t,222,,,,,,,,,,,,,,
Other Meat,2009,t,107,,,,,,,,,,,,,,
Other Meat,2010,t,512,,,,,,,,,,,,,,
Other Meat,2011,t,39,,,,,,,,,,,,,,
Other Meat,2012,t,123,,,,,,,,,,,,,,
Other Meat,2013,t,332,,,,,,,,,,,,,,
Other Meat,2014,t,202.86,,,,,,,,,,,,,,
Other Meat,2015,t,130.79,,,,,,,,,,,,,,
Other Meat,2016,t,255.94,,,,,,,,,,,,,,
Other Meat,2017,t,1439.6,,,,,,,,,,,,,,
Other Meat,2018,t,984.09,,,,,,,,,,,,,,
Other Meat,2019,t,936.53,,,,,,,,,,,,,,
Other Meat,2020,t,667.79,,,,,,,,,,,,,,
Sugar and Honey,2000,t,4173.45,,,,,,,,,,,,,,
Sugar and Honey,2001,t,5603,,,,,,,,,,,,,,
Sugar and Honey,2002,t,5864,,,,,,,,,,,,,,
Sugar and Honey,2003,t,5693,,,,,,,,,,,,,,
Sugar and Honey,2004,t,5277,,,,,,,,,,,,,,
Sugar and Honey,2005,t,6321,,,,,,,,,,,,,,
Sugar and Honey,2006,t,5396,,,,,,,,,,,,,,
Sugar and Honey,2007,t,5210,,,,,,,,,,,,,,
Sugar and Honey,2008,t,4563,,,,,,,,,,,,,,
Sugar and Honey,2009,t,3384,,,,,,,,,,,,,,
Sugar and Honey,2010,t,2564,,,,,,,,,,,,,,
Sugar and Honey,2011,t,1119,,,,,,,,,,,,,,
Sugar and Honey,2012,t,1663,,,,,,,,,,,,,,
Sugar and Honey,2013,t,1240,,,,,,,,,,,,,,
Sugar and Honey,2014,t,1365.01,,,,,,,,,,,,,,
Sugar and Honey,2015,t,1478.08,,,,,,,,,,,,,,
Sugar and Honey,2016,t,1306.08,,,,,,,,,,,,,,
Sugar and Honey,2017,t,1239.06,,,,,,,,,,,,,,
Sugar and Honey,2018,t,1484.8,,,,,,,,,,,,,,
Sugar and Honey,2019,t,1880.96,,,,,,,,,,,,,,
Sugar and Honey,2020,t,1108.77,,,,,,,,,,,,,,
Fruit,2000,t,2446.53,,,,,,,,,,,,,,
Fruit,2001,t,1970,,,,,,,,,,,,,,
Fruit,2002,t,2149,,,,,,,,,,,,,,
Fruit,2003,t,1998,,,,,,,,,,,,,,
Fruit,2004,t,1970,,,,,,,,,,,,,,
Fruit,2005,t,2451,,,,,,,,,,,,,,
Fruit,2006,t,2849,,,,,,,,,,,,,,
Fruit,2007,t,2642,,,,,,,,,,,,,,
Fruit,2008,t,2878,,,,,,,,,,,,,,
Fruit,2009,t,3167,,,,,,,,,,,,,,
Fruit,2010,t,2588,,,,,,,,,,,,,,
Fruit,2011,t,2944,,,,,,,,,,,,,,
Fruit,2012,t,2636,,,,,,,,,,,,,,
Fruit,2013,t,2611,,,,,,,,,,,,,,
Fruit,2014,t,2505.77,,,,,,,,,,,,,,
Fruit,2015,t,2174,,,,,,,,,,,,,,
Fruit,2016,t,3176.86,,,,,,,,,,,,,,
Fruit,2017,t,2717.25,,,,,,,,,,,,,,
Fruit,2018,t,2460.18,,,,,,,,,,,,,,
Fruit,2019,t,2004.34,,,,,,,,,,,,,,
Fruit,2020,t,1171.54,,,,,,,,,,,,,,
Vegetables,2000,t,1770.23,,,,,,,,,,,,,,
Vegetables,2001,t,2690,,,,,,,,,,,,,,
Vegetables,2002,t,2542,,,,,,,,,,,,,,
Vegetables,2003,t,2672,,,,,,,,,,,,,,
Vegetables,2004,t,2469,,,,,,,,,,,,,,
Vegetables,2005,t,3117,,,,,,,,,,,,,,
Vegetables,2006,t,3925,,,,,,,,,,,,,,
Vegetables,2007,t,3507,,,,,,,,,,,,,,
Vegetables,2008,t,2016,,,,,,,,,,,,,,
Vegetables,2009,t,1428,,,,,,,,,,,,,,
Vegetables,2010,t,1574,,,,,,,,,,,,,,
Vegetables,2011,t,1403,,,,,,,,,,,,,,
Vegetables,2012,t,1225,,,,,,,,,,,,,,
Vegetables,2013,t,1699,,,,,,,,,,,,,,
Vegetables,2014,t,1503.55,,,,,,,,,,,,,,
Vegetables,2015,t,1771.62,,,,,,,,,,,,,,
Vegetables,2016,t,3326.17,,,,,,,,,,,,,,
Vegetables,2017,t,2607.42,,,,,,,,,,,,,,
Vegetables,2018,t,2283.53,,,,,,,,,,,,,,
Vegetables,2019,t,1364.17,,,,,,,,,,,,,,
Vegetables,2020,t,1825.95,,,,,,,,,,,,,,
Pulses,2000,t,59.49,,,,,,,,,,,,,,
Pulses,2001,t,31,,,,,,,,,,,,,,
Pulses,2002,t,30,,,,,,,,,,,,,,
Pulses,2003,t,11,,,,,,,,,,,,,,
Pulses,2004,t,17,,,,,,,,,,,,,,
Pulses,2005,t,42,,,,,,,,,,,,,,
Pulses,2006,t,601,,,,,,,,,,,,,,
Pulses,2007,t,522,,,,,,,,,,,,,,
Pulses,2008,t,157,,,,,,,,,,,,,,
Pulses,2009,t,142,,,,,,,,,,,,,,
Pulses,2010,t,201,,,,,,,,,,,,,,
Pulses,2011,t,890,,,,,,,,,,,,,,
Pulses,2012,t,2342,,,,,,,,,,,,,,
Pulses,2013,t,4192,,,,,,,,,,,,,,
Pulses,2014,t,4456.97,,,,,,,,,,,,,,
Pulses,2015,t,5561.7,,,,,,,,,,,,,,
Pulses,2016,t,5088.46,,,,,,,,,,,,,,
Pulses,2017,t,4526.56,,,,,,,,,,,,,,
Pulses,2018,t,2852.01,,,,,,,,,,,,,,
Pulses,2019,t,2553.34,,,,,,,,,,,,,,
Pulses,2020,t,3412.69,,,,,,,,,,,,,,
Roots and Tubers,2000,t,103.6,,,,,,,,,,,,,,
Roots and Tubers,2001,t,92,,,,,,,,,,,,,,
Roots and Tubers,2002,t,11,,,,,,,,,,,,,,
Roots and Tubers,2003,t,69,,,,,,,,,,,,,,
Roots and Tubers,2004,t,85,,,,,,,,,,,,,,
Roots and Tubers,2005,t,119,,,,,,,,,,,,,,
Roots and Tubers,2006,t,106,,,,,,,,,,,,,,
Roots and Tubers,2007,t,225,,,,,,,,,,,,,,
Roots and Tubers,2008,t,261,,,,,,,,,,,,,,
Roots and Tubers,2009,t,87,,,,,,,,,,,,,,
Roots and Tubers,2010,t,238,,,,,,,,,,,,,,
Roots and Tubers,2011,t,131,,,,,,,,,,,,,,
Roots and Tubers,2012,t,202,,,,,,,,,,,,,,
Roots and Tubers,2013,t,84,,,,,,,,,,,,,,
Roots and Tubers,2014,t,55.45,,,,,,,,,,,,,,
Roots and Tubers,2015,t,12.92,,,,,,,,,,,,,,
Roots and Tubers,2016,t,350.26,,,,,,,,,,,,,,
Roots and Tubers,2017,t,78.86,,,,,,,,,,,,,,
Roots and Tubers,2018,t,219.48,,,,,,,,,,,,,,
Roots and Tubers,2019,t,138.26,,,,,,,,,,,,,,
Roots and Tubers,2020,t,30.63,,,,,,,,,,,,,,
Cassava Equivalent,2000,t,0,,,,,,,,,,,,,,
Cassava Equivalent,2001,t,5,,,,,,,,,,,,,,
Cassava Equivalent,2002,t,0,,,,,,,,,,,,,,
Cassava Equivalent,2003,t,0,,,,,,,,,,,,,,
Cassava Equivalent,2004,t,0,,,,,,,,,,,,,,
Cassava Equivalent,2005,t,10,,,,,,,,,,,,,,
Cassava Equivalent,2006,t,25,,,,,,,,,,,,,,
Cassava Equivalent,2007,t,0,,,,,,,,,,,,,,
Cassava Equivalent,2008,t,25,,,,,,,,,,,,,,
Cassava Equivalent,2009,t,0,,,,,,,,,,,,,,
Cassava Equivalent,2010,t,0,,,,,,,,,,,,,,
Cassava Equivalent,2011,t,0,,,,,,,,,,,,,,
Cassava Equivalent,2012,t,5,,,,,,,,,,,,,,
Cassava Equivalent,2013,t,0,,,,,,,,,,,,,,
Cassava Equivalent,2014,t,6.46,,,,,,,,,,,,,,
Cassava Equivalent,2017,t,29.88,,,,,,,,,,,,,,
Groundnuts Total Shelled,2000,t,156.94,,,,,,,,,,,,,,
Groundnuts Total Shelled,2001,t,69,,,,,,,,,,,,,,
Groundnuts Total Shelled,2002,t,168,,,,,,,,,,,,,,
Groundnuts Total Shelled,2003,t,110,,,,,,,,,,,,,,
Groundnuts Total Shelled,2004,t,117,,,,,,,,,,,,,,
Groundnuts Total Shelled,2005,t,205,,,,,,,,,,,,,,
Groundnuts Total Shelled,2006,t,46,,,,,,,,,,,,,,
Groundnuts Total Shelled,2007,t,68,,,,,,,,,,,,,,
Groundnuts Total Shelled,2008,t,172,,,,,,,,,,,,,,
Groundnuts Total Shelled,2009,t,17,,,,,,,,,,,,,,
Groundnuts Total Shelled,2010,t,128,,,,,,,,,,,,,,
Groundnuts Total Shelled,2011,t,21,,,,,,,,,,,,,,
Groundnuts Total Shelled,2012,t,179,,,,,,,,,,,,,,
Groundnuts Total Shelled,2013,t,51,,,,,,,,,,,,,,
Groundnuts Total Shelled,2014,t,32.99,,,,,,,,,,,,,,
Groundnuts Total Shelled,2015,t,136.38,,,,,,,,,,,,,,
Groundnuts Total Shelled,2016,t,102.34,,,,,,,,,,,,,,
Groundnuts Total Shelled,2017,t,78.04,,,,,,,,,,,,,,
Groundnuts Total Shelled,2018,t,17.31,,,,,,,,,,,,,,
Groundnuts Total Shelled,2019,t,100.81,,,,,,,,,,,,,,
Groundnuts Total Shelled,2020,t,61.12,,,,,,,,,,,,,,
Nuts,2000,t,401.62,,,,,,,,,,,,,,
Nuts,2001,t,358,,,,,,,,,,,,,,
Nuts,2002,t,424,,,,,,,,,,,,,,
Nuts,2003,t,784,,,,,,,,,,,,,,
Nuts,2004,t,1231,,,,,,,,,,,,,,
Nuts,2005,t,1840,,,,,,,,,,,,,,
Nuts,2006,t,2047,,,,,,,,,,,,,,
Nuts,2007,t,2844,,,,,,,,,,,,,,
Nuts,2008,t,3327,,,,,,,,,,,,,,
Nuts,2009,t,3119,,,,,,,,,,,,,,
Nuts,2010,t,2512,,,,,,,,,,,,,,
Nuts,2011,t,1559,,,,,,,,,,,,,,
Nuts,2012,t,1836,,,,,,,,,,,,,,
Nuts,2013,t,1753,,,,,,,,,,,,,,
Nuts,2014,t,1687.93,,,,,,,,,,,,,,
Nuts,2015,t,1893.35,,,,,,,,,,,,,,
Nuts,2016,t,1685.31,,,,,,,,,,,,,,
Nuts,2017,t,825.43,,,,,,,,,,,,,,
Nuts,2018,t,1050.71,,,,,,,,,,,,,,
Nuts,2019,t,1520.4,,,,,,,,,,,,,,
Nuts,2020,t,1317.94,,,,,,,,,,,,,,
"Whey, fresh and dry (milk equivalent)",2000,t,17.1,,,,,,,,,,,,,,
"Whey, fresh and dry (milk equivalent)",2001,t,0,,,,,,,,,,,,,,
"Whey, fresh and dry (milk equivalent)",2002,t,0,,,,,,,,,,,,,,
"Whey, fresh and dry (milk equivalent)",2003,t,0,,,,,,,,,,,,,,
"Whey, fresh and dry (milk equivalent)",2004,t,0,,,,,,,,,,,,,,
"Whey, fresh and dry (milk equivalent)",2005,t,0,,,,,,,,,,,,,,
"Whey, fresh and dry (milk equivalent)",2006,t,45.6,,,,,,,,,,,,,,
"Whey, fresh and dry (milk equivalent)",2007,t,2158.4,,,,,,,,,,,,,,
"Whey, fresh and dry (milk equivalent)",2008,t,1337.6,,,,,,,,,,,,,,
"Whey, fresh and dry (milk equivalent)",2009,t,6885.6,,,,,,,,,,,,,,
"Whey, fresh and dry (milk equivalent)",2010,t,5608.8,,,,,,,,,,,,,,
"Whey, fresh and dry (milk equivalent)",2011,t,4119.2,,,,,,,,,,,,,,
"Whey, fresh and dry (milk equivalent)",2012,t,6710.8,,,,,,,,,,,,,,
"Whey, fresh and dry (milk equivalent)",2013,t,92286.8,,,,,,,,,,,,,,
"Whey, fresh and dry (milk equivalent)",2014,t,139832.78,,,,,,,,,,,,,,
"Whey, fresh and dry (milk equivalent)",2015,t,156483.81,,,,,,,,,,,,,,
"Whey, fresh and dry (milk equivalent)",2016,t,153213.07,,,,,,,,,,,,,,
"Whey, fresh and dry (milk equivalent)",2017,t,158733.58,,,,,,,,,,,,,,
"Whey, fresh and dry (milk equivalent)",2018,t,37771.1,,,,,,,,,,,,,,
"Whey, fresh and dry (milk equivalent)",2019,t,69988.94,,,,,,,,,,,,,,
"Whey, fresh and dry (milk equivalent)",2020,t,57015.75,,,,,,,,,,,,,,
Sugar Crops Primary,2000,t,25.48,,,,,,,,,,,,,,
Sugar Crops Primary,2001,t,22,,,,,,,,,,,,,,
Sugar Crops Primary,2002,t,23,,,,,,,,,,,,,,
Sugar Crops Primary,2003,t,14,,,,,,,,,,,,,,
Sugar Crops Primary,2004,t,8,,,,,,,,,,,,,,
Sugar Crops Primary,2005,t,9,,,,,,,,,,,,,,
Sugar Crops Primary,2006,t,17,,,,,,,,,,,,,,
Sugar Crops Primary,2007,t,11,,,,,,,,,,,,,,
Sugar Crops Primary,2008,t,0,,,,,,,,,,,,,,
Sugar Crops Primary,2009,t,0,,,,,,,,,,,,,,
Sugar Crops Primary,2010,t,5,,,,,,,,,,,,,,
Sugar Crops Primary,2011,t,0,,,,,,,,,,,,,,
Sugar Crops Primary,2012,t,1,,,,,,,,,,,,,,
Sugar Crops Primary,2013,t,0,,,,,,,,,,,,,,
Sugar Crops Primary,2018,t,0.02,,,,,,,,,,,,,,
Dairy Products,2000,t,24396.05,,,,,,,,,,,,,,
Dairy Products,2001,t,20303,,,,,,,,,,,,,,
Dairy Products,2002,t,18420,,,,,,,,,,,,,,
Dairy Products,2003,t,19181,,,,,,,,,,,,,,
Dairy Products,2004,t,19223,,,,,,,,,,,,,,
Dairy Products,2005,t,20424,,,,,,,,,,,,,,
Dairy Products,2006,t,20595,,,,,,,,,,,,,,
Dairy Products,2007,t,19665,,,,,,,,,,,,,,
Dairy Products,2008,t,19648,,,,,,,,,,,,,,
Dairy Products,2009,t,19802,,,,,,,,,,,,,,
Dairy Products,2010,t,19632,,,,,,,,,,,,,,
Dairy Products,2011,t,19909,,,,,,,,,,,,,,
Dairy Products,2012,t,18407,,,,,,,,,,,,,,
Dairy Products,2013,t,31618,,,,,,,,,,,,,,
Dairy Products,2014,t,34404.27,,,,,,,,,,,,,,
Dairy Products,2015,t,36806.04,,,,,,,,,,,,,,
Dairy Products,2016,t,36553.97,,,,,,,,,,,,,,
Dairy Products,2017,t,36254.02,,,,,,,,,,,,,,
Dairy Products,2018,t,36022.47,,,,,,,,,,,,,,
Dairy Products,2019,t,47434.83,,,,,,,,,,,,,,
Dairy Products,2020,t,38672.54,,,,,,,,,,,,,,
Eggs,2000,t,843.56,,,,,,,,,,,,,,
Eggs,2001,t,3266,,,,,,,,,,,,,,
Eggs,2002,t,287,,,,,,,,,,,,,,
Eggs,2003,t,283,,,,,,,,,,,,,,
Eggs,2004,t,335,,,,,,,,,,,,,,
Eggs,2005,t,372,,,,,,,,,,,,,,
Eggs,2006,t,164,,,,,,,,,,,,,,
Eggs,2007,t,174,,,,,,,,,,,,,,
Eggs,2008,t,107,,,,,,,,,,,,,,
Eggs,2009,t,980,,,,,,,,,,,,,,
Eggs,2010,t,429,,,,,,,,,,,,,,
Eggs,2011,t,286,,,,,,,,,,,,,,
Eggs,2012,t,339,,,,,,,,,,,,,,
Eggs,2013,t,185,,,,,,,,,,,,,,
Eggs,2014,t,297.69,,,,,,,,,,,,,,
Eggs,2015,t,375.32,,,,,,,,,,,,,,
Eggs,2016,t,143.12,,,,,,,,,,,,,,
Eggs,2017,t,187.9,,,,,,,,,,,,,,
Eggs,2018,t,352.2,,,,,,,,,,,,,,
Eggs,2019,t,382.82,,,,,,,,,,,,,,
Eggs,2020,t,212.12,,,,,,,,,,,,,,
Beverages,2000,t,27821.37,,,,,,,,,,,,,,
Beverages,2001,t,25588,,,,,,,,,,,,,,
Beverages,2002,t,43168,,,,,,,,,,,,,,
Beverages,2003,t,47310,,,,,,,,,,,,,,
Beverages,2004,t,58198,,,,,,,,,,,,,,
Beverages,2005,t,68271,,,,,,,,,,,,,,
Beverages,2006,t,74554,,,,,,,,,,,,,,
Beverages,2007,t,62722,,,,,,,,,,,,,,
Beverages,2008,t,66160,,,,,,,,,,,,,,
Beverages,2009,t,45767,,,,,,,,,,,,,,
Beverages,2010,t,54724,,,,,,,,,,,,,,
Beverages,2011,t,62284,,,,,,,,,,,,,,
Beverages,2012,t,64879,,,,,,,,,,,,,,
Beverages,2013,t,60658,,,,,,,,,,,,,,
Beverages,2014,t,124588.01,,,,,,,,,,,,,,
Beverages,2015,t,129761.46,,,,,,,,,,,,,,
Beverages,2016,t,150717.59,,,,,,,,,,,,,,
Beverages,2017,t,157758.84,,,,,,,,,,,,,,
Beverages,2018,t,175952.8,,,,,,,,,,,,,,
Beverages,2019,t,176852.93,,,,,,,,,,,,,,
Beverages,2020,t,130806.77,,,,,,,,,,,,,,
Other food,2000,An,795,,,,,,,,,,,,,,
Other food,2000,1000 An,64,,,,,,,,,,,,,,
Other food,2000,t,22385.39,,,,,,,,,,,,,,
Other food,2001,An,507,,,,,,,,,,,,,,
Other food,2001,1000 An,0,,,,,,,,,,,,,,
Other food,2001,t,19892,,,,,,,,,,,,,,
Other food,2002,An,1251,,,,,,,,,,,,,,
Other food,2002,1000 An,2,,,,,,,,,,,,,,
Other food,2002,t,19619,,,,,,,,,,,,,,
Other food,2003,An,485,,,,,,,,,,,,,,
Other food,2003,1000 An,0,,,,,,,,,,,,,,
Other food,2003,t,20264,,,,,,,,,,,,,,
Other food,2004,An,1093,,,,,,,,,,,,,,
Other food,2004,1000 An,0,,,,,,,,,,,,,,
Other food,2004,t,18393,,,,,,,,,,,,,,
Other food,2005,An,528,,,,,,,,,,,,,,
Other food,2005,1000 An,0,,,,,,,,,,,,,,
Other food,2005,t,19948,,,,,,,,,,,,,,
Other food,2006,An,5573,,,,,,,,,,,,,,
Other food,2006,1000 An,0,,,,,,,,,,,,,,
Other food,2006,t,20205,,,,,,,,,,,,,,
Other food,2007,An,1661,,,,,,,,,,,,,,
Other food,2007,1000 An,0,,,,,,,,,,,,,,
Other food,2007,t,19349,,,,,,,,,,,,,,
Other food,2008,An,677,,,,,,,,,,,,,,
Other food,2008,1000 An,0,,,,,,,,,,,,,,
Other food,2008,t,19244,,,,,,,,,,,,,,
Other food,2009,An,1051,,,,,,,,,,,,,,
Other food,2009,1000 An,0,,,,,,,,,,,,,,
Other food,2009,t,17214,,,,,,,,,,,,,,
Other food,2010,An,861,,,,,,,,,,,,,,
Other food,2010,1000 An,0,,,,,,,,,,,,,,
Other food,2010,t,17205,,,,,,,,,,,,,,
Other food,2011,An,974,,,,,,,,,,,,,,
Other food,2011,1000 An,0,,,,,,,,,,,,,,
Other food,2011,t,16271,,,,,,,,,,,,,,
Other food,2012,An,797,,,,,,,,,,,,,,
Other food,2012,1000 An,2,,,,,,,,,,,,,,
Other food,2012,t,15036,,,,,,,,,,,,,,
Other food,2013,An,899,,,,,,,,,,,,,,
Other food,2013,1000 An,0,,,,,,,,,,,,,,
Other food,2013,t,17559,,,,,,,,,,,,,,
Other food,2014,An,1620,,,,,,,,,,,,,,
Other food,2014,t,18273.56,,,,,,,,,,,,,,
Other food,2015,An,2682,,,,,,,,,,,,,,
Other food,2015,1000 An,10,,,,,,,,,,,,,,
Other food,2015,t,21994.14,,,,,,,,,,,,,,
Other food,2016,An,1674,,,,,,,,,,,,,,
Other food,2016,1000 An,20,,,,,,,,,,,,,,
Other food,2016,t,20838.14,,,,,,,,,,,,,,
Other food,2017,An,1070,,,,,,,,,,,,,,
Other food,2017,t,22093.71,,,,,,,,,,,,,,
Other food,2018,An,1164,,,,,,,,,,,,,,
Other food,2018,t,22450.95,,,,,,,,,,,,,,
Other food,2019,An,1983,,,,,,,,,,,,,,
Other food,2019,t,25784.95,,,,,,,,,,,,,,
Other food,2020,An,2614,,,,,,,,,,,,,,
Other food,2020,1000 An,10,,,,,,,,,,,,,,
Other food,2020,t,24905.91,,,,,,,,,,,,,,
Oilseeds,2000,t,2886.8,,,,,,,,,,,,,,
Oilseeds,2001,t,30,,,,,,,,,,,,,,
Oilseeds,2002,t,9,,,,,,,,,,,,,,
Oilseeds,2003,t,11,,,,,,,,,,,,,,
Oilseeds,2004,t,28,,,,,,,,,,,,,,
Oilseeds,2005,t,241,,,,,,,,,,,,,,
Oilseeds,2006,t,24,,,,,,,,,,,,,,
Oilseeds,2007,t,547,,,,,,,,,,,,,,
Oilseeds,2008,t,183,,,,,,,,,,,,,,
Oilseeds,2009,t,63,,,,,,,,,,,,,,
Oilseeds,2010,t,53,,,,,,,,,,,,,,
Oilseeds,2011,t,22,,,,,,,,,,,,,,
Oilseeds,2012,t,29,,,,,,,,,,,,,,
Oilseeds,2013,t,54,,,,,,,,,,,,,,
Oilseeds,2014,t,136.83,,,,,,,,,,,,,,
Oilseeds,2015,t,80.5,,,,,,,,,,,,,,
Oilseeds,2016,t,161.16,,,,,,,,,,,,,,
Oilseeds,2017,t,509.95,,,,,,,,,,,,,,
Oilseeds,2018,t,664.25,,,,,,,,,,,,,,
Oilseeds,2019,t,595.37,,,,,,,,,,,,,,
Oilseeds,2020,t,1052.98,,,,,,,,,,,,,,
Other food nes,2000,t,19498.6,,,,,,,,,,,,,,
Other food nes,2001,t,19862,,,,,,,,,,,,,,
Other food nes,2002,t,19610,,,,,,,,,,,,,,
Other food nes,2003,t,20253,,,,,,,,,,,,,,
Other food nes,2004,t,18365,,,,,,,,,,,,,,
Other food nes,2005,t,19707,,,,,,,,,,,,,,
Other food nes,2006,t,20181,,,,,,,,,,,,,,
Other food nes,2007,t,18802,,,,,,,,,,,,,,
Other food nes,2008,t,19061,,,,,,,,,,,,,,
Other food nes,2009,t,17151,,,,,,,,,,,,,,
Other food nes,2010,t,17152,,,,,,,,,,,,,,
Other food nes,2011,t,16249,,,,,,,,,,,,,,
Other food nes,2012,t,15007,,,,,,,,,,,,,,
Other food nes,2013,t,17505,,,,,,,,,,,,,,
Other food nes,2014,t,18136.73,,,,,,,,,,,,,,
Other food nes,2015,t,21913.63,,,,,,,,,,,,,,
Other food nes,2016,t,20676.98,,,,,,,,,,,,,,
Other food nes,2017,t,21583.76,,,,,,,,,,,,,,
Other food nes,2018,t,21786.7,,,,,,,,,,,,,,
Other food nes,2019,t,25189.58,,,,,,,,,,,,,,
Other food nes,2020,t,23852.92,,,,,,,,,,,,,,
Fodder and Feeding Stuff,2000,t,220427.23,,,,,,,,,,,,,,
Fodder and Feeding Stuff,2001,t,204940,,,,,,,,,,,,,,
Fodder and Feeding Stuff,2002,t,216530,,,,,,,,,,,,,,
Fodder and Feeding Stuff,2003,t,227285,,,,,,,,,,,,,,
Fodder and Feeding Stuff,2004,t,213285,,,,,,,,,,,,,,
Fodder and Feeding Stuff,2005,t,244271,,,,,,,,,,,,,,
Fodder and Feeding Stuff,2006,t,254226,,,,,,,,,,,,,,
Fodder and Feeding Stuff,2007,t,224040,,,,,,,,,,,,,,
Fodder and Feeding Stuff,2008,t,188101,,,,,,,,,,,,,,
Fodder and Feeding Stuff,2009,t,190955,,,,,,,,,,,,,,
Fodder and Feeding Stuff,2010,t,216224,,,,,,,,,,,,,,
Fodder and Feeding Stuff,2011,t,208824,,,,,,,,,,,,,,
Fodder and Feeding Stuff,2012,t,245418,,,,,,,,,,,,,,
Fodder and Feeding Stuff,2013,t,222276,,,,,,,,,,,,,,
Fodder and Feeding Stuff,2014,t,284667.63,,,,,,,,,,,,,,
Fodder and Feeding Stuff,2015,t,297242.74,,,,,,,,,,,,,,
Fodder and Feeding Stuff,2016,t,333820.56,,,,,,,,,,,,,,
Fodder and Feeding Stuff,2017,t,339223.35,,,,,,,,,,,,,,
Fodder and Feeding Stuff,2018,t,374755.94,,,,,,,,,,,,,,
Fodder and Feeding Stuff,2019,t,385432.13,,,,,,,,,,,,,,
Fodder and Feeding Stuff,2020,t,422863.45,,,,,,,,,,,,,,
Natural Rubber,2000,t,11.05,,,,,,,,,,,,,,
Natural Rubber,2001,t,7,,,,,,,,,,,,,,
Natural Rubber,2002,t,11,,,,,,,,,,,,,,
Natural Rubber,2003,t,14,,,,,,,,,,,,,,
Natural Rubber,2004,t,1,,,,,,,,,,,,,,
Natural Rubber,2005,t,1,,,,,,,,,,,,,,
Natural Rubber,2006,t,2,,,,,,,,,,,,,,
Natural Rubber,2007,t,2,,,,,,,,,,,,,,
Natural Rubber,2008,t,7,,,,,,,,,,,,,,
Natural Rubber,2009,t,1,,,,,,,,,,,,,,
Natural Rubber,2010,t,4,,,,,,,,,,,,,,
Natural Rubber,2011,t,2,,,,,,,,,,,,,,
Natural Rubber,2012,t,0,,,,,,,,,,,,,,
Natural Rubber,2013,t,5,,,,,,,,,,,,,,
Natural Rubber,2014,t,12.59,,,,,,,,,,,,,,
Natural Rubber,2015,t,10.71,,,,,,,,,,,,,,
Natural Rubber,2016,t,3.31,,,,,,,,,,,,,,
Natural Rubber,2017,t,5.84,,,,,,,,,,,,,,
Natural Rubber,2018,t,10.43,,,,,,,,,,,,,,
Natural Rubber,2019,t,5.66,,,,,,,,,,,,,,
Natural Rubber,2020,t,4.66,,,,,,,,,,,,,,
Textile Fibres,2000,t,4081,,,,,,,,,,,,,,
Textile Fibres,2001,t,3409,,,,,,,,,,,,,,
Textile Fibres,2002,t,4301,,,,,,,,,,,,,,
Textile Fibres,2003,t,4841,,,,,,,,,,,,,,
Textile Fibres,2004,t,4761,,,,,,,,,,,,,,
Textile Fibres,2005,t,4498,,,,,,,,,,,,,,
Textile Fibres,2006,t,4008,,,,,,,,,,,,,,
Textile Fibres,2007,t,4352,,,,,,,,,,,,,,
Textile Fibres,2008,t,4211,,,,,,,,,,,,,,
Textile Fibres,2009,t,4498,,,,,,,,,,,,,,
Textile Fibres,2010,t,4236,,,,,,,,,,,,,,
Textile Fibres,2011,t,4252,,,,,,,,,,,,,,
Textile Fibres,2012,t,3788,,,,,,,,,,,,,,
Textile Fibres,2013,t,3788,,,,,,,,,,,,,,
Textile Fibres,2014,t,3883.34,,,,,,,,,,,,,,
Textile Fibres,2015,t,3953.68,,,,,,,,,,,,,,
Textile Fibres,2016,t,4184.93,,,,,,,,,,,,,,
Textile Fibres,2017,t,4163.17,,,,,,,,,,,,,,
Textile Fibres,2018,t,3831.59,,,,,,,,,,,,,,
Textile Fibres,2019,t,3533.7,,,,,,,,,,,,,,
Textile Fibres,2020,t,2774.28,,,,,,,,,,,,,,
Hides and skins,2000,t,12606.03,,,,,,,,,,,,,,
Hides and skins,2001,t,11066,,,,,,,,,,,,,,
Hides and skins,2002,t,11361,,,,,,,,,,,,,,
Hides and skins,2003,t,10737,,,,,,,,,,,,,,
Hides and skins,2004,t,11065,,,,,,,,,,,,,,
Hides and skins,2005,t,11700,,,,,,,,,,,,,,
Hides and skins,2006,t,10517,,,,,,,,,,,,,,
Hides and skins,2007,t,10406,,,,,,,,,,,,,,
Hides and skins,2008,t,11563,,,,,,,,,,,,,,
Hides and skins,2009,t,12602,,,,,,,,,,,,,,
Hides and skins,2010,t,12225,,,,,,,,,,,,,,
Hides and skins,2011,t,12233,,,,,,,,,,,,,,
Hides and skins,2012,t,11795,,,,,,,,,,,,,,
Hides and skins,2013,t,12661,,,,,,,,,,,,,,
Hides and skins,2014,t,12974.31,,,,,,,,,,,,,,
Hides and skins,2015,t,14815.11,,,,,,,,,,,,,,
Hides and skins,2016,t,13647.68,,,,,,,,,,,,,,
Hides and skins,2017,t,13986.37,,,,,,,,,,,,,,
Hides and skins,2018,t,14677.06,,,,,,,,,,,,,,
Hides and skins,2019,t,15420.94,,,,,,,,,,,,,,
Hides and skins,2020,t,15578.5,,,,,,,,,,,,,,
Crude Materials nes,2000,t,0.04,,,,,,,,,,,,,,
Crude Materials nes,2001,t,0,,,,,,,,,,,,,,
Crude Materials nes,2002,t,0,,,,,,,,,,,,,,
Crude Materials nes,2003,t,0,,,,,,,,,,,,,,
Crude Materials nes,2004,t,0,,,,,,,,,,,,,,
Crude Materials nes,2005,t,0,,,,,,,,,,,,,,
Crude Materials nes,2006,t,0,,,,,,,,,,,,,,
Crude Materials nes,2007,t,0,,,,,,,,,,,,,,
Crude Materials nes,2008,t,0,,,,,,,,,,,,,,
Crude Materials nes,2009,t,0,,,,,,,,,,,,,,
Crude Materials nes,2010,t,2,,,,,,,,,,,,,,
Crude Materials nes,2011,t,0,,,,,,,,,,,,,,
Crude Materials nes,2012,t,0,,,,,,,,,,,,,,
Crude Materials nes,2013,t,0,,,,,,,,,,,,,,
Crude Materials nes,2014,t,476.7,,,,,,,,,,,,,,
Crude Materials nes,2014,No,29,,,,,,,,,,,,,,
Crude Materials nes,2015,t,475.02,,,,,,,,,,,,,,
Crude Materials nes,2016,t,392.46,,,,,,,,,,,,,,
Crude Materials nes,2017,t,342.79,,,,,,,,,,,,,,
Crude Materials nes,2018,t,310.12,,,,,,,,,,,,,,
Crude Materials nes,2019,t,287.07,,,,,,,,,,,,,,
Crude Materials nes,2019,No,0,,,,,,,,,,,,,,
Crude Materials nes,2020,t,269.78,,,,,,,,,,,,,,
Crude Materials nes,2020,No,0,,,,,,,,,,,,,,
Tobacco,2000,t,2436.08,,,,,,,,,,,,,,
Tobacco,2001,t,2115,,,,,,,,,,,,,,
Tobacco,2002,t,2696,,,,,,,,,,,,,,
Tobacco,2003,t,3227,,,,,,,,,,,,,,
Tobacco,2004,t,5241,,,,,,,,,,,,,,
Tobacco,2005,t,1729,,,,,,,,,,,,,,
Tobacco,2006,t,255,,,,,,,,,,,,,,
Tobacco,2007,t,287,,,,,,,,,,,,,,
Tobacco,2008,t,354,,,,,,,,,,,,,,
Tobacco,2009,t,116,,,,,,,,,,,,,,
Tobacco,2010,t,5,,,,,,,,,,,,,,
Tobacco,2011,t,15,,,,,,,,,,,,,,
Tobacco,2012,t,16,,,,,,,,,,,,,,
Tobacco,2013,t,7,,,,,,,,,,,,,,
Tobacco,2014,t,4.52,,,,,,,,,,,,,,
Tobacco,2015,t,1.87,,,,,,,,,,,,,,
Tobacco,2016,t,19.32,,,,,,,,,,,,,,
Tobacco,2017,t,9.8,,,,,,,,,,,,,,
Tobacco,2018,t,8.94,,,,,,,,,,,,,,
Tobacco,2019,t,10.76,,,,,,,,,,,,,,
Tobacco,2020,t,11.34,,,,,,,,,,,,,,
"Cereals, primary",2000,t,250.18,,,,,,,,,,,,,,
"Cereals, primary",2001,t,2187,,,,,,,,,,,,,,
"Cereals, primary",2002,t,272,,,,,,,,,,,,,,
"Cereals, primary",2003,t,251,,,,,,,,,,,,,,
"Cereals, primary",2004,t,275,,,,,,,,,,,,,,
"Cereals, primary",2005,t,327,,,,,,,,,,,,,,
"Cereals, primary",2006,t,309,,,,,,,,,,,,,,
"Cereals, primary",2007,t,288,,,,,,,,,,,,,,
"Cereals, primary",2008,t,295,,,,,,,,,,,,,,
"Cereals, primary",2009,t,149,,,,,,,,,,,,,,
"Cereals, primary",2010,t,211,,,,,,,,,,,,,,
"Cereals, primary",2011,t,1392,,,,,,,,,,,,,,
"Cereals, primary",2012,t,432,,,,,,,,,,,,,,
"Cereals, primary",2013,t,159,,,,,,,,,,,,,,
"Cereals, primary",2014,t,374.99,,,,,,,,,,,,,,
"Cereals, primary",2015,t,132.61,,,,,,,,,,,,,,
"Cereals, primary",2016,t,779.82,,,,,,,,,,,,,,
"Cereals, primary",2017,t,845.91,,,,,,,,,,,,,,
"Cereals, primary",2018,t,1271.67,,,,,,,,,,,,,,
"Cereals, primary",2019,t,1208.82,,,,,,,,,,,,,,
"Cereals, primary",2020,t,983.18,,,,,,,,,,,,,,
"Beef and Buffalo Meat, primary",2000,t,1124.25,,,,,,,,,,,,,,
"Beef and Buffalo Meat, primary",2001,t,686.7,,,,,,,,,,,,,,
"Beef and Buffalo Meat, primary",2002,t,246.3,,,,,,,,,,,,,,
"Beef and Buffalo Meat, primary",2003,t,293.9,,,,,,,,,,,,,,
"Beef and Buffalo Meat, primary",2004,t,417.4,,,,,,,,,,,,,,
"Beef and Buffalo Meat, primary",2005,t,485.1,,,,,,,,,,,,,,
"Beef and Buffalo Meat, primary",2006,t,1411.3,,,,,,,,,,,,,,
"Beef and Buffalo Meat, primary",2007,t,430.7,,,,,,,,,,,,,,
"Beef and Buffalo Meat, primary",2008,t,246.7,,,,,,,,,,,,,,
"Beef and Buffalo Meat, primary",2009,t,188.8,,,,,,,,,,,,,,
"Beef and Buffalo Meat, primary",2010,t,176.1,,,,,,,,,,,,,,
"Beef and Buffalo Meat, primary",2011,t,115.7,,,,,,,,,,,,,,
"Beef and Buffalo Meat, primary",2012,t,115.7,,,,,,,,,,,,,,
"Beef and Buffalo Meat, primary",2013,t,193.9,,,,,,,,,,,,,,
"Beef and Buffalo Meat, primary",2014,t,323.93,,,,,,,,,,,,,,
"Beef and Buffalo Meat, primary",2015,t,317.79,,,,,,,,,,,,,,
"Beef and Buffalo Meat, primary",2016,t,127.91,,,,,,,,,,,,,,
"Beef and Buffalo Meat, primary",2017,t,129.87,,,,,,,,,,,,,,
"Beef and Buffalo Meat, primary",2018,t,86.47,,,,,,,,,,,,,,
"Beef and Buffalo Meat, primary",2019,t,78.13,,,,,,,,,,,,,,
"Beef and Buffalo Meat, primary",2020,t,19.09,,,,,,,,,,,,,,
Sheep and Goat Meat,2000,t,13.85,,,,,,,,,,,,,,
Sheep and Goat Meat,2001,t,192,,,,,,,,,,,,,,
Sheep and Goat Meat,2002,t,599,,,,,,,,,,,,,,
Sheep and Goat Meat,2003,t,559,,,,,,,,,,,,,,
Sheep and Goat Meat,2004,t,623,,,,,,,,,,,,,,
Sheep and Goat Meat,2005,t,496,,,,,,,,,,,,,,
Sheep and Goat Meat,2006,t,61,,,,,,,,,,,,,,
Sheep and Goat Meat,2007,t,55,,,,,,,,,,,,,,
Sheep and Goat Meat,2008,t,100,,,,,,,,,,,,,,
Sheep and Goat Meat,2009,t,16,,,,,,,,,,,,,,
Sheep and Goat Meat,2010,t,4,,,,,,,,,,,,,,
Sheep and Goat Meat,2011,t,6,,,,,,,,,,,,,,
Sheep and Goat Meat,2012,t,7,,,,,,,,,,,,,,
Sheep and Goat Meat,2013,t,57,,,,,,,,,,,,,,
Sheep and Goat Meat,2014,t,22.67,,,,,,,,,,,,,,
Sheep and Goat Meat,2015,t,8.47,,,,,,,,,,,,,,
Sheep and Goat Meat,2016,t,2.12,,,,,,,,,,,,,,
Sheep and Goat Meat,2017,t,1124.02,,,,,,,,,,,,,,
Sheep and Goat Meat,2018,t,701.55,,,,,,,,,,,,,,
Sheep and Goat Meat,2019,t,633.53,,,,,,,,,,,,,,
Sheep and Goat Meat,2020,t,272.8,,,,,,,,,,,,,,
"Meat, Poultry",2000,t,150.94,,,,,,,,,,,,,,
"Meat, Poultry",2001,t,3,,,,,,,,,,,,,,
"Meat, Poultry",2002,t,3,,,,,,,,,,,,,,
"Meat, Poultry",2003,t,26,,,,,,,,,,,,,,
"Meat, Poultry",2004,t,31,,,,,,,,,,,,,,
"Meat, Poultry",2005,t,73,,,,,,,,,,,,,,
"Meat, Poultry",2006,t,70,,,,,,,,,,,,,,
"Meat, Poultry",2007,t,8,,,,,,,,,,,,,,
"Meat, Poultry",2008,t,57,,,,,,,,,,,,,,
"Meat, Poultry",2009,t,60,,,,,,,,,,,,,,
"Meat, Poultry",2010,t,5,,,,,,,,,,,,,,
"Meat, Poultry",2011,t,25,,,,,,,,,,,,,,
"Meat, Poultry",2012,t,52,,,,,,,,,,,,,,
"Meat, Poultry",2013,t,125,,,,,,,,,,,,,,
"Meat, Poultry",2014,t,291.49,,,,,,,,,,,,,,
"Meat, Poultry",2015,t,142.59,,,,,,,,,,,,,,
"Meat, Poultry",2016,t,90.36,,,,,,,,,,,,,,
"Meat, Poultry",2017,t,45.3,,,,,,,,,,,,,,
"Meat, Poultry",2018,t,43.1,,,,,,,,,,,,,,
"Meat, Poultry",2019,t,97.9,,,,,,,,,,,,,,
"Meat, Poultry",2020,t,165.63,,,,,,,,,,,,,,
Butter and Ghee,2000,t,25041.32,,,,,,,,,,,,,,
Butter and Ghee,2001,t,9781.2,,,,,,,,,,,,,,
Butter and Ghee,2002,t,6996,,,,,,,,,,,,,,
Butter and Ghee,2003,t,6580.2,,,,,,,,,,,,,,
Butter and Ghee,2004,t,4184.4,,,,,,,,,,,,,,
Butter and Ghee,2005,t,10857,,,,,,,,,,,,,,
Butter and Ghee,2006,t,2461.8,,,,,,,,,,,,,,
Butter and Ghee,2007,t,15536.4,,,,,,,,,,,,,,
Butter and Ghee,2008,t,21304.8,,,,,,,,,,,,,,
Butter and Ghee,2009,t,22994.4,,,,,,,,,,,,,,
Butter and Ghee,2010,t,14658.6,,,,,,,,,,,,,,
Butter and Ghee,2011,t,3016.2,,,,,,,,,,,,,,
Butter and Ghee,2012,t,6.6,,,,,,,,,,,,,,
Butter and Ghee,2013,t,13.2,,,,,,,,,,,,,,
Butter and Ghee,2014,t,3.04,,,,,,,,,,,,,,
Butter and Ghee,2015,t,3530.33,,,,,,,,,,,,,,
Butter and Ghee,2016,t,7193.14,,,,,,,,,,,,,,
Butter and Ghee,2017,t,1290.37,,,,,,,,,,,,,,
Butter and Ghee,2018,t,73.59,,,,,,,,,,,,,,
Butter and Ghee,2019,t,79.23,,,,,,,,,,,,,,
Butter and Ghee,2020,t,122.36,,,,,,,,,,,,,,
Cheese (All Kinds),2000,t,84558.4,,,,,,,,,,,,,,
Cheese (All Kinds),2001,t,82137.8,,,,,,,,,,,,,,
Cheese (All Kinds),2002,t,75235.2,,,,,,,,,,,,,,
Cheese (All Kinds),2003,t,78971.4,,,,,,,,,,,,,,
Cheese (All Kinds),2004,t,80420.2,,,,,,,,,,,,,,
Cheese (All Kinds),2005,t,79897.4,,,,,,,,,,,,,,
Cheese (All Kinds),2006,t,78502.4,,,,,,,,,,,,,,
Cheese (All Kinds),2007,t,66313.8,,,,,,,,,,,,,,
Cheese (All Kinds),2008,t,63131,,,,,,,,,,,,,,
Cheese (All Kinds),2009,t,58443.4,,,,,,,,,,,,,,
Cheese (All Kinds),2010,t,59397.8,,,,,,,,,,,,,,
Cheese (All Kinds),2011,t,61700.4,,,,,,,,,,,,,,
Cheese (All Kinds),2012,t,58273.8,,,,,,,,,,,,,,
Cheese (All Kinds),2013,t,61804,,,,,,,,,,,,,,
Cheese (All Kinds),2014,t,55217.69,,,,,,,,,,,,,,
Cheese (All Kinds),2015,t,50676.44,,,,,,,,,,,,,,
Cheese (All Kinds),2016,t,52143.46,,,,,,,,,,,,,,
Cheese (All Kinds),2017,t,48886.93,,,,,,,,,,,,,,
Cheese (All Kinds),2018,t,50232.6,,,,,,,,,,,,,,
Cheese (All Kinds),2019,t,45633.33,,,,,,,,,,,,,,
Cheese (All Kinds),2020,t,34617.79,,,,,,,,,,,,,,
Evaporated & Condensed Milk,2000,t,10.23,,,,,,,,,,,,,,
Evaporated & Condensed Milk,2001,t,0,,,,,,,,,,,,,,
Evaporated & Condensed Milk,2002,t,0,,,,,,,,,,,,,,
Evaporated & Condensed Milk,2003,t,2.1,,,,,,,,,,,,,,
Evaporated & Condensed Milk,2004,t,12.6,,,,,,,,,,,,,,
Evaporated & Condensed Milk,2005,t,94.5,,,,,,,,,,,,,,
Evaporated & Condensed Milk,2006,t,4.2,,,,,,,,,,,,,,
Evaporated & Condensed Milk,2007,t,2.1,,,,,,,,,,,,,,
Evaporated & Condensed Milk,2008,t,2.1,,,,,,,,,,,,,,
Evaporated & Condensed Milk,2009,t,2.1,,,,,,,,,,,,,,
Evaporated & Condensed Milk,2010,t,6.3,,,,,,,,,,,,,,
Evaporated & Condensed Milk,2011,t,487.2,,,,,,,,,,,,,,
Evaporated & Condensed Milk,2012,t,176.4,,,,,,,,,,,,,,
Evaporated & Condensed Milk,2013,t,25.2,,,,,,,,,,,,,,
Evaporated & Condensed Milk,2014,t,0.33,,,,,,,,,,,,,,
Evaporated & Condensed Milk,2015,t,1.87,,,,,,,,,,,,,,
Evaporated & Condensed Milk,2016,t,2.91,,,,,,,,,,,,,,
Evaporated & Condensed Milk,2017,t,0.1,,,,,,,,,,,,,,
Evaporated & Condensed Milk,2018,t,1.21,,,,,,,,,,,,,,
Evaporated & Condensed Milk,2019,t,0.68,,,,,,,,,,,,,,
Evaporated & Condensed Milk,2020,t,2.67,,,,,,,,,,,,,,
"Skim Milk & Buttermilk, Dry",2000,t,8505.77,,,,,,,,,,,,,,
"Skim Milk & Buttermilk, Dry",2001,t,0,,,,,,,,,,,,,,
"Skim Milk & Buttermilk, Dry",2002,t,114,,,,,,,,,,,,,,
"Skim Milk & Buttermilk, Dry",2003,t,7.6,,,,,,,,,,,,,,
"Skim Milk & Buttermilk, Dry",2004,t,0,,,,,,,,,,,,,,
"Skim Milk & Buttermilk, Dry",2005,t,45.6,,,,,,,,,,,,,,
"Skim Milk & Buttermilk, Dry",2006,t,15.2,,,,,,,,,,,,,,
"Skim Milk & Buttermilk, Dry",2007,t,22.8,,,,,,,,,,,,,,
"Skim Milk & Buttermilk, Dry",2008,t,121.6,,,,,,,,,,,,,,
"Skim Milk & Buttermilk, Dry",2009,t,38,,,,,,,,,,,,,,
"Skim Milk & Buttermilk, Dry",2010,t,91.2,,,,,,,,,,,,,,
"Skim Milk & Buttermilk, Dry",2011,t,30.4,,,,,,,,,,,,,,
"Skim Milk & Buttermilk, Dry",2012,t,10997.2,,,,,,,,,,,,,,
"Skim Milk & Buttermilk, Dry",2013,t,21637.2,,,,,,,,,,,,,,
"Skim Milk & Buttermilk, Dry",2014,t,4379.37,,,,,,,,,,,,,,
"Skim Milk & Buttermilk, Dry",2015,t,11318.51,,,,,,,,,,,,,,
"Skim Milk & Buttermilk, Dry",2016,t,2029.39,,,,,,,,,,,,,,
"Skim Milk & Buttermilk, Dry",2017,t,7392.54,,,,,,,,,,,,,,
"Skim Milk & Buttermilk, Dry",2018,t,7582.46,,,,,,,,,,,,,,
"Skim Milk & Buttermilk, Dry",2019,t,31376.05,,,,,,,,,,,,,,
"Skim Milk & Buttermilk, Dry",2020,t,4299.17,,,,,,,,,,,,,,
"Dairy Products, milk equivalent",2000,t,33805.59,,,,,,,,,,,,,,
"Dairy Products, milk equivalent",2001,t,9859.3,,,,,,,,,,,,,,
"Dairy Products, milk equivalent",2002,t,7698.2,,,,,,,,,,,,,,
"Dairy Products, milk equivalent",2003,t,7082.5,,,,,,,,,,,,,,
"Dairy Products, milk equivalent",2004,t,4915.1,,,,,,,,,,,,,,
"Dairy Products, milk equivalent",2005,t,12068.5,,,,,,,,,,,,,,
"Dairy Products, milk equivalent",2006,t,5639.9,,,,,,,,,,,,,,
"Dairy Products, milk equivalent",2007,t,18032.5,,,,,,,,,,,,,,
"Dairy Products, milk equivalent",2008,t,24195.5,,,,,,,,,,,,,,
"Dairy Products, milk equivalent",2009,t,26082.1,,,,,,,,,,,,,,
"Dairy Products, milk equivalent",2010,t,18503.1,,,,,,,,,,,,,,
"Dairy Products, milk equivalent",2011,t,8965.9,,,,,,,,,,,,,,
"Dairy Products, milk equivalent",2012,t,13805.3,,,,,,,,,,,,,,
"Dairy Products, milk equivalent",2013,t,24307.4,,,,,,,,,,,,,,
"Dairy Products, milk equivalent",2014,t,7367.9,,,,,,,,,,,,,,
"Dairy Products, milk equivalent",2015,t,17621.14,,,,,,,,,,,,,,
"Dairy Products, milk equivalent",2016,t,12440.79,,,,,,,,,,,,,,
"Dairy Products, milk equivalent",2017,t,11721.22,,,,,,,,,,,,,,
"Dairy Products, milk equivalent",2018,t,26144.96,,,,,,,,,,,,,,
"Dairy Products, milk equivalent",2019,t,55023.08,,,,,,,,,,,,,,
"Dairy Products, milk equivalent",2020,t,26964.37,,,,,,,,,,,,,,
